
-- 194 rows

BEGIN;

INSERT INTO classes (class_id, name) VALUES
(1, 'Class 1'),
(2, 'Class 2'),
(3, 'Class 3'),
(4, 'Class 4'),
(5, 'Class 5'),
(6, 'Class 6'),
(7, 'Class 7'),
(8, 'Class 8'),
(9, 'Class 9'),
(10, 'Class 10'),
(11, 'Class 11'),
(12, 'Class 12'),
(13, 'Class 13'),
(14, 'Class 14'),
(15, 'Class 15'),
(16, 'Class 16'),
(17, 'Class 17'),
(18, 'Class 18'),
(19, 'Class 19'),
(20, 'Class 20'),
(21, 'Class 21'),
(22, 'Class 22'),
(23, 'Class 23'),
(24, 'Class 24'),
(25, 'Class 25'),
(26, 'Class 26'),
(27, 'Class 27'),
(28, 'Class 28'),
(29, 'Class 29'),
(30, 'Class 30'),
(31, 'Class 31'),
(32, 'Class 32'),
(33, 'Class 33'),
(34, 'Class 34'),
(35, 'Class 35'),
(36, 'Class 36'),
(37, 'Class 37'),
(38, 'Class 38'),
(39, 'Class 39'),
(40, 'Class 40'),
(41, 'Class 41'),
(42, 'Class 42'),
(43, 'Class 43'),
(44, 'Class 44'),
(45, 'Class 45'),
(46, 'Class 46'),
(47, 'Class 47'),
(48, 'Class 48'),
(49, 'Class 49'),
(50, 'Class 50'),
(51, 'Class 51'),
(52, 'Class 52'),
(53, 'Class 53'),
(54, 'Class 54'),
(55, 'Class 55'),
(56, 'Class 56'),
(57, 'Class 57'),
(58, 'Class 58'),
(59, 'Class 59'),
(60, 'Class 60'),
(61, 'Class 61'),
(62, 'Class 62'),
(63, 'Class 63'),
(64, 'Class 64');

INSERT INTO subjects (subject_id, name) VALUES
(1, 'Mega subject');

INSERT INTO students (student_id, first_name, last_name, birth_date, class_id) VALUES
(1, 'Molly', 'Gardner', '1977-05-29', 1),
(2, 'David', 'Snyder', '1983-12-09', 2),
(3, 'Michelle', 'Pope', '1970-02-21', 3),
(4, 'Kristin', 'Crawford', '2020-11-25', 4),
(5, 'Rachel', 'Conner', '1974-07-16', 5),
(6, 'Brian', 'Ochoa', '1990-05-05', 6),
(7, 'Benjamin', 'Frank', '2011-09-05', 7),
(8, 'Sarah', 'Stephens', '1998-01-01', 8),
(9, 'Julie', 'Miller', '1983-03-11', 9),
(10, 'Lisa', 'Torres', '1972-01-17', 10),
(11, 'Ryan', 'Garcia', '2007-04-27', 11),
(12, 'Brandi', 'Cook', '1989-02-05', 12),
(13, 'Joanna', 'Williams', '1980-02-23', 13),
(14, 'Tracy', 'Hawkins', '2017-08-28', 14),
(15, 'James', 'Johnson', '1984-10-25', 15),
(16, 'Megan', 'Davis', '1985-12-11', 16),
(17, 'David', 'Hayes', '2004-03-05', 17),
(18, 'Andrea', 'Valenzuela', '1987-03-24', 18),
(19, 'Amanda', 'Estrada', '1979-04-07', 19),
(20, 'Kristy', 'Smith', '1988-05-23', 20),
(21, 'Eugene', 'Fisher', '1993-11-14', 21),
(22, 'Thomas', 'Curtis', '2013-01-11', 22),
(23, 'Joshua', 'Harper', '1994-08-03', 23),
(24, 'Joshua', 'Phillips', '1995-12-12', 24),
(25, 'Beth', 'Ferguson', '2012-11-29', 25),
(26, 'Christopher', 'Friedman', '1981-09-24', 26),
(27, 'Robert', 'Blackburn', '2007-09-10', 27),
(28, 'Robin', 'Baker', '2004-09-28', 28),
(29, 'Andre', 'Simpson', '1993-05-27', 29),
(30, 'Carol', 'Franklin', '1991-07-01', 30),
(31, 'Jeremy', 'Owen', '1999-12-04', 31),
(32, 'Elizabeth', 'Phelps', '1973-02-10', 32),
(33, 'David', 'Butler', '1994-03-21', 33),
(34, 'Eric', 'Nielsen', '1997-04-19', 34),
(35, 'Don', 'Walker', '2016-05-01', 35),
(36, 'Judy', 'Larsen', '2017-05-06', 36),
(37, 'Ryan', 'Miranda', '1992-09-20', 37),
(38, 'Maria', 'Schultz', '2005-02-23', 38),
(39, 'Walter', 'Cannon', '2007-02-12', 39),
(40, 'Daniel', 'Williams', '1983-09-10', 40),
(41, 'Luis', 'Scott', '2007-03-31', 41),
(42, 'Theresa', 'Ross', '2022-06-05', 42),
(43, 'Christopher', 'Walker', '2017-12-17', 43),
(44, 'Jesse', 'Hodges', '2023-08-30', 44),
(45, 'Eric', 'Rice', '1987-05-12', 45),
(46, 'Christopher', 'Johnson', '2010-07-01', 46),
(47, 'Charlene', 'Mcintyre', '1991-08-11', 47),
(48, 'Catherine', 'Lawrence', '2009-07-05', 48),
(49, 'Jessica', 'Cordova', '2001-11-17', 49),
(50, 'Kenneth', 'Brewer', '2004-11-16', 50),
(51, 'Elizabeth', 'Moon', '1982-09-02', 51),
(52, 'Jasmine', 'Howard', '1976-08-03', 52),
(53, 'Laura', 'Sexton', '1981-12-08', 53),
(54, 'Andrew', 'Avila', '1971-10-13', 54),
(55, 'Glenn', 'Watson', '2021-01-23', 55),
(56, 'Judy', 'Campbell', '1984-06-10', 56),
(57, 'Erin', 'Sanchez', '1990-05-26', 57),
(58, 'Shannon', 'Davidson', '1983-10-26', 58),
(59, 'Steven', 'Martinez', '2004-02-24', 59),
(60, 'Christopher', 'Gibbs', '2013-09-28', 60),
(61, 'Jeffrey', 'Clark', '2010-10-07', 61),
(62, 'Jeffrey', 'Jefferson', '1996-03-02', 62),
(63, 'Scott', 'Watson', '1970-05-17', 63),
(64, 'Eric', 'Hardy', '1972-04-22', 64);

INSERT INTO teachers (teacher_id, first_name, last_name, subject_id) VALUES
(1, 'Mega', 'Teacher', 1);

INSERT INTO lessons (lesson_id, date, class_id, subject_id) VALUES
(1, '2018-10-23', 1, 1),
(2, '1996-12-29', 2, 1),
(3, '1983-04-05', 3, 1),
(4, '2021-02-19', 4, 1),
(5, '2000-12-31', 5, 1),
(6, '1999-01-25', 6, 1),
(7, '2011-07-02', 7, 1),
(8, '1976-05-30', 8, 1),
(9, '1995-02-19', 9, 1),
(10, '2010-12-14', 10, 1),
(11, '2000-12-31', 11, 1),
(12, '2022-02-21', 12, 1),
(13, '2014-10-05', 13, 1),
(14, '1980-11-10', 14, 1),
(15, '1992-04-04', 15, 1),
(16, '1990-10-04', 16, 1),
(17, '1970-05-04', 17, 1),
(18, '1972-05-16', 18, 1),
(19, '1980-08-20', 19, 1),
(20, '1978-05-19', 20, 1),
(21, '2023-06-14', 21, 1),
(22, '1977-07-04', 22, 1),
(23, '1996-05-24', 23, 1),
(24, '2025-04-19', 24, 1),
(25, '2017-08-17', 25, 1),
(26, '1990-12-20', 26, 1),
(27, '1977-06-26', 27, 1),
(28, '1996-12-25', 28, 1),
(29, '1991-02-26', 29, 1),
(30, '2015-07-28', 30, 1),
(31, '2013-06-24', 31, 1),
(32, '2001-08-28', 32, 1),
(33, '2006-01-24', 33, 1),
(34, '2016-02-27', 34, 1),
(35, '1993-01-09', 35, 1),
(36, '1999-02-01', 36, 1),
(37, '1982-06-10', 37, 1),
(38, '2005-05-08', 38, 1),
(39, '1990-10-07', 39, 1),
(40, '2024-12-03', 40, 1),
(41, '1984-01-17', 41, 1),
(42, '1971-10-04', 42, 1),
(43, '2020-12-06', 43, 1),
(44, '1972-05-01', 44, 1),
(45, '1977-06-30', 45, 1),
(46, '1998-09-26', 46, 1),
(47, '2015-04-23', 47, 1),
(48, '1979-09-25', 48, 1),
(49, '2023-07-02', 49, 1),
(50, '2014-09-13', 50, 1),
(51, '2017-03-21', 51, 1),
(52, '2022-08-21', 52, 1),
(53, '1998-03-29', 53, 1),
(54, '1983-03-02', 54, 1),
(55, '1972-11-03', 55, 1),
(56, '2011-05-03', 56, 1),
(57, '2000-06-24', 57, 1),
(58, '1973-05-30', 58, 1),
(59, '1987-11-06', 59, 1),
(60, '2017-05-12', 60, 1),
(61, '1993-09-13', 61, 1),
(62, '1972-01-14', 62, 1),
(63, '2023-01-25', 63, 1),
(64, '1995-07-07', 64, 1);

COMMIT;

