
-- 98 rows

BEGIN;

INSERT INTO classes (class_id, name) VALUES
(1, 'Class 1'),
(2, 'Class 2'),
(3, 'Class 3'),
(4, 'Class 4'),
(5, 'Class 5'),
(6, 'Class 6'),
(7, 'Class 7'),
(8, 'Class 8'),
(9, 'Class 9'),
(10, 'Class 10'),
(11, 'Class 11'),
(12, 'Class 12'),
(13, 'Class 13'),
(14, 'Class 14'),
(15, 'Class 15'),
(16, 'Class 16'),
(17, 'Class 17'),
(18, 'Class 18'),
(19, 'Class 19'),
(20, 'Class 20'),
(21, 'Class 21'),
(22, 'Class 22'),
(23, 'Class 23'),
(24, 'Class 24'),
(25, 'Class 25'),
(26, 'Class 26'),
(27, 'Class 27'),
(28, 'Class 28'),
(29, 'Class 29'),
(30, 'Class 30'),
(31, 'Class 31'),
(32, 'Class 32');

INSERT INTO subjects (subject_id, name) VALUES
(1, 'Mega subject');

INSERT INTO students (student_id, first_name, last_name, birth_date, class_id) VALUES
(1, 'Melinda', 'Barrera', '1975-03-19', 1),
(2, 'Maurice', 'Woods', '1976-03-31', 2),
(3, 'Noah', 'Torres', '1988-08-30', 3),
(4, 'Jessica', 'Thomas', '1973-03-31', 4),
(5, 'Rebecca', 'Byrd', '2016-07-17', 5),
(6, 'George', 'Walker', '1976-01-15', 6),
(7, 'Kari', 'Miller', '1999-02-25', 7),
(8, 'Caleb', 'Roberts', '1994-02-01', 8),
(9, 'Jonathan', 'Rodriguez', '1996-05-02', 9),
(10, 'Jessica', 'Owens', '2023-12-14', 10),
(11, 'Charles', 'Adams', '1983-02-14', 11),
(12, 'Brandy', 'Choi', '2008-04-14', 12),
(13, 'Nicole', 'Bryant', '1973-03-20', 13),
(14, 'Michele', 'Le', '1988-10-28', 14),
(15, 'Benjamin', 'Miller', '2004-07-10', 15),
(16, 'Kevin', 'Graham', '1990-01-23', 16),
(17, 'Jesus', 'Bond', '2011-06-12', 17),
(18, 'Meghan', 'Jackson', '2007-07-15', 18),
(19, 'Krystal', 'Sullivan', '2022-07-13', 19),
(20, 'Brian', 'Jennings', '1999-04-08', 20),
(21, 'Marilyn', 'Michael', '2015-06-10', 21),
(22, 'Jamie', 'Perez', '1991-04-07', 22),
(23, 'Andrea', 'Mendoza', '1990-03-20', 23),
(24, 'Lisa', 'Castro', '1997-10-29', 24),
(25, 'Elijah', 'Haley', '2019-10-01', 25),
(26, 'Jason', 'Hess', '1985-09-25', 26),
(27, 'Paula', 'Barrett', '2006-08-09', 27),
(28, 'Jacob', 'Alvarado', '2010-07-25', 28),
(29, 'David', 'Ray', '1978-10-26', 29),
(30, 'Grant', 'Burns', '1970-06-02', 30),
(31, 'Julie', 'Flynn', '2017-11-21', 31),
(32, 'Garrett', 'Chambers', '2016-07-16', 32);

INSERT INTO teachers (teacher_id, first_name, last_name, subject_id) VALUES
(1, 'Mega', 'Teacher', 1);

INSERT INTO lessons (lesson_id, date, class_id, subject_id) VALUES
(1, '2010-08-05', 1, 1),
(2, '1989-12-30', 2, 1),
(3, '1970-06-14', 3, 1),
(4, '1993-08-17', 4, 1),
(5, '1971-10-27', 5, 1),
(6, '1976-08-03', 6, 1),
(7, '1974-11-13', 7, 1),
(8, '2004-11-09', 8, 1),
(9, '1984-02-06', 9, 1),
(10, '1971-06-27', 10, 1),
(11, '1989-08-18', 11, 1),
(12, '1984-11-05', 12, 1),
(13, '1995-10-14', 13, 1),
(14, '2015-12-25', 14, 1),
(15, '1970-05-21', 15, 1),
(16, '2019-05-30', 16, 1),
(17, '2015-11-04', 17, 1),
(18, '2018-09-03', 18, 1),
(19, '2013-05-03', 19, 1),
(20, '2005-06-25', 20, 1),
(21, '1983-08-16', 21, 1),
(22, '1997-12-29', 22, 1),
(23, '1985-02-25', 23, 1),
(24, '1979-12-27', 24, 1),
(25, '2011-05-31', 25, 1),
(26, '2016-03-04', 26, 1),
(27, '2022-05-13', 27, 1),
(28, '1978-03-14', 28, 1),
(29, '1999-12-29', 29, 1),
(30, '2015-04-04', 30, 1),
(31, '1985-07-20', 31, 1),
(32, '1995-05-05', 32, 1);

COMMIT;

