
-- 1538 rows

BEGIN;

INSERT INTO classes (class_id, name) VALUES
(1, 'Class 1'),
(2, 'Class 2'),
(3, 'Class 3'),
(4, 'Class 4'),
(5, 'Class 5'),
(6, 'Class 6'),
(7, 'Class 7'),
(8, 'Class 8'),
(9, 'Class 9'),
(10, 'Class 10'),
(11, 'Class 11'),
(12, 'Class 12'),
(13, 'Class 13'),
(14, 'Class 14'),
(15, 'Class 15'),
(16, 'Class 16'),
(17, 'Class 17'),
(18, 'Class 18'),
(19, 'Class 19'),
(20, 'Class 20'),
(21, 'Class 21'),
(22, 'Class 22'),
(23, 'Class 23'),
(24, 'Class 24'),
(25, 'Class 25'),
(26, 'Class 26'),
(27, 'Class 27'),
(28, 'Class 28'),
(29, 'Class 29'),
(30, 'Class 30'),
(31, 'Class 31'),
(32, 'Class 32'),
(33, 'Class 33'),
(34, 'Class 34'),
(35, 'Class 35'),
(36, 'Class 36'),
(37, 'Class 37'),
(38, 'Class 38'),
(39, 'Class 39'),
(40, 'Class 40'),
(41, 'Class 41'),
(42, 'Class 42'),
(43, 'Class 43'),
(44, 'Class 44'),
(45, 'Class 45'),
(46, 'Class 46'),
(47, 'Class 47'),
(48, 'Class 48'),
(49, 'Class 49'),
(50, 'Class 50'),
(51, 'Class 51'),
(52, 'Class 52'),
(53, 'Class 53'),
(54, 'Class 54'),
(55, 'Class 55'),
(56, 'Class 56'),
(57, 'Class 57'),
(58, 'Class 58'),
(59, 'Class 59'),
(60, 'Class 60'),
(61, 'Class 61'),
(62, 'Class 62'),
(63, 'Class 63'),
(64, 'Class 64'),
(65, 'Class 65'),
(66, 'Class 66'),
(67, 'Class 67'),
(68, 'Class 68'),
(69, 'Class 69'),
(70, 'Class 70'),
(71, 'Class 71'),
(72, 'Class 72'),
(73, 'Class 73'),
(74, 'Class 74'),
(75, 'Class 75'),
(76, 'Class 76'),
(77, 'Class 77'),
(78, 'Class 78'),
(79, 'Class 79'),
(80, 'Class 80'),
(81, 'Class 81'),
(82, 'Class 82'),
(83, 'Class 83'),
(84, 'Class 84'),
(85, 'Class 85'),
(86, 'Class 86'),
(87, 'Class 87'),
(88, 'Class 88'),
(89, 'Class 89'),
(90, 'Class 90'),
(91, 'Class 91'),
(92, 'Class 92'),
(93, 'Class 93'),
(94, 'Class 94'),
(95, 'Class 95'),
(96, 'Class 96'),
(97, 'Class 97'),
(98, 'Class 98'),
(99, 'Class 99'),
(100, 'Class 100'),
(101, 'Class 101'),
(102, 'Class 102'),
(103, 'Class 103'),
(104, 'Class 104'),
(105, 'Class 105'),
(106, 'Class 106'),
(107, 'Class 107'),
(108, 'Class 108'),
(109, 'Class 109'),
(110, 'Class 110'),
(111, 'Class 111'),
(112, 'Class 112'),
(113, 'Class 113'),
(114, 'Class 114'),
(115, 'Class 115'),
(116, 'Class 116'),
(117, 'Class 117'),
(118, 'Class 118'),
(119, 'Class 119'),
(120, 'Class 120'),
(121, 'Class 121'),
(122, 'Class 122'),
(123, 'Class 123'),
(124, 'Class 124'),
(125, 'Class 125'),
(126, 'Class 126'),
(127, 'Class 127'),
(128, 'Class 128'),
(129, 'Class 129'),
(130, 'Class 130'),
(131, 'Class 131'),
(132, 'Class 132'),
(133, 'Class 133'),
(134, 'Class 134'),
(135, 'Class 135'),
(136, 'Class 136'),
(137, 'Class 137'),
(138, 'Class 138'),
(139, 'Class 139'),
(140, 'Class 140'),
(141, 'Class 141'),
(142, 'Class 142'),
(143, 'Class 143'),
(144, 'Class 144'),
(145, 'Class 145'),
(146, 'Class 146'),
(147, 'Class 147'),
(148, 'Class 148'),
(149, 'Class 149'),
(150, 'Class 150'),
(151, 'Class 151'),
(152, 'Class 152'),
(153, 'Class 153'),
(154, 'Class 154'),
(155, 'Class 155'),
(156, 'Class 156'),
(157, 'Class 157'),
(158, 'Class 158'),
(159, 'Class 159'),
(160, 'Class 160'),
(161, 'Class 161'),
(162, 'Class 162'),
(163, 'Class 163'),
(164, 'Class 164'),
(165, 'Class 165'),
(166, 'Class 166'),
(167, 'Class 167'),
(168, 'Class 168'),
(169, 'Class 169'),
(170, 'Class 170'),
(171, 'Class 171'),
(172, 'Class 172'),
(173, 'Class 173'),
(174, 'Class 174'),
(175, 'Class 175'),
(176, 'Class 176'),
(177, 'Class 177'),
(178, 'Class 178'),
(179, 'Class 179'),
(180, 'Class 180'),
(181, 'Class 181'),
(182, 'Class 182'),
(183, 'Class 183'),
(184, 'Class 184'),
(185, 'Class 185'),
(186, 'Class 186'),
(187, 'Class 187'),
(188, 'Class 188'),
(189, 'Class 189'),
(190, 'Class 190'),
(191, 'Class 191'),
(192, 'Class 192'),
(193, 'Class 193'),
(194, 'Class 194'),
(195, 'Class 195'),
(196, 'Class 196'),
(197, 'Class 197'),
(198, 'Class 198'),
(199, 'Class 199'),
(200, 'Class 200'),
(201, 'Class 201'),
(202, 'Class 202'),
(203, 'Class 203'),
(204, 'Class 204'),
(205, 'Class 205'),
(206, 'Class 206'),
(207, 'Class 207'),
(208, 'Class 208'),
(209, 'Class 209'),
(210, 'Class 210'),
(211, 'Class 211'),
(212, 'Class 212'),
(213, 'Class 213'),
(214, 'Class 214'),
(215, 'Class 215'),
(216, 'Class 216'),
(217, 'Class 217'),
(218, 'Class 218'),
(219, 'Class 219'),
(220, 'Class 220'),
(221, 'Class 221'),
(222, 'Class 222'),
(223, 'Class 223'),
(224, 'Class 224'),
(225, 'Class 225'),
(226, 'Class 226'),
(227, 'Class 227'),
(228, 'Class 228'),
(229, 'Class 229'),
(230, 'Class 230'),
(231, 'Class 231'),
(232, 'Class 232'),
(233, 'Class 233'),
(234, 'Class 234'),
(235, 'Class 235'),
(236, 'Class 236'),
(237, 'Class 237'),
(238, 'Class 238'),
(239, 'Class 239'),
(240, 'Class 240'),
(241, 'Class 241'),
(242, 'Class 242'),
(243, 'Class 243'),
(244, 'Class 244'),
(245, 'Class 245'),
(246, 'Class 246'),
(247, 'Class 247'),
(248, 'Class 248'),
(249, 'Class 249'),
(250, 'Class 250'),
(251, 'Class 251'),
(252, 'Class 252'),
(253, 'Class 253'),
(254, 'Class 254'),
(255, 'Class 255'),
(256, 'Class 256'),
(257, 'Class 257'),
(258, 'Class 258'),
(259, 'Class 259'),
(260, 'Class 260'),
(261, 'Class 261'),
(262, 'Class 262'),
(263, 'Class 263'),
(264, 'Class 264'),
(265, 'Class 265'),
(266, 'Class 266'),
(267, 'Class 267'),
(268, 'Class 268'),
(269, 'Class 269'),
(270, 'Class 270'),
(271, 'Class 271'),
(272, 'Class 272'),
(273, 'Class 273'),
(274, 'Class 274'),
(275, 'Class 275'),
(276, 'Class 276'),
(277, 'Class 277'),
(278, 'Class 278'),
(279, 'Class 279'),
(280, 'Class 280'),
(281, 'Class 281'),
(282, 'Class 282'),
(283, 'Class 283'),
(284, 'Class 284'),
(285, 'Class 285'),
(286, 'Class 286'),
(287, 'Class 287'),
(288, 'Class 288'),
(289, 'Class 289'),
(290, 'Class 290'),
(291, 'Class 291'),
(292, 'Class 292'),
(293, 'Class 293'),
(294, 'Class 294'),
(295, 'Class 295'),
(296, 'Class 296'),
(297, 'Class 297'),
(298, 'Class 298'),
(299, 'Class 299'),
(300, 'Class 300'),
(301, 'Class 301'),
(302, 'Class 302'),
(303, 'Class 303'),
(304, 'Class 304'),
(305, 'Class 305'),
(306, 'Class 306'),
(307, 'Class 307'),
(308, 'Class 308'),
(309, 'Class 309'),
(310, 'Class 310'),
(311, 'Class 311'),
(312, 'Class 312'),
(313, 'Class 313'),
(314, 'Class 314'),
(315, 'Class 315'),
(316, 'Class 316'),
(317, 'Class 317'),
(318, 'Class 318'),
(319, 'Class 319'),
(320, 'Class 320'),
(321, 'Class 321'),
(322, 'Class 322'),
(323, 'Class 323'),
(324, 'Class 324'),
(325, 'Class 325'),
(326, 'Class 326'),
(327, 'Class 327'),
(328, 'Class 328'),
(329, 'Class 329'),
(330, 'Class 330'),
(331, 'Class 331'),
(332, 'Class 332'),
(333, 'Class 333'),
(334, 'Class 334'),
(335, 'Class 335'),
(336, 'Class 336'),
(337, 'Class 337'),
(338, 'Class 338'),
(339, 'Class 339'),
(340, 'Class 340'),
(341, 'Class 341'),
(342, 'Class 342'),
(343, 'Class 343'),
(344, 'Class 344'),
(345, 'Class 345'),
(346, 'Class 346'),
(347, 'Class 347'),
(348, 'Class 348'),
(349, 'Class 349'),
(350, 'Class 350'),
(351, 'Class 351'),
(352, 'Class 352'),
(353, 'Class 353'),
(354, 'Class 354'),
(355, 'Class 355'),
(356, 'Class 356'),
(357, 'Class 357'),
(358, 'Class 358'),
(359, 'Class 359'),
(360, 'Class 360'),
(361, 'Class 361'),
(362, 'Class 362'),
(363, 'Class 363'),
(364, 'Class 364'),
(365, 'Class 365'),
(366, 'Class 366'),
(367, 'Class 367'),
(368, 'Class 368'),
(369, 'Class 369'),
(370, 'Class 370'),
(371, 'Class 371'),
(372, 'Class 372'),
(373, 'Class 373'),
(374, 'Class 374'),
(375, 'Class 375'),
(376, 'Class 376'),
(377, 'Class 377'),
(378, 'Class 378'),
(379, 'Class 379'),
(380, 'Class 380'),
(381, 'Class 381'),
(382, 'Class 382'),
(383, 'Class 383'),
(384, 'Class 384'),
(385, 'Class 385'),
(386, 'Class 386'),
(387, 'Class 387'),
(388, 'Class 388'),
(389, 'Class 389'),
(390, 'Class 390'),
(391, 'Class 391'),
(392, 'Class 392'),
(393, 'Class 393'),
(394, 'Class 394'),
(395, 'Class 395'),
(396, 'Class 396'),
(397, 'Class 397'),
(398, 'Class 398'),
(399, 'Class 399'),
(400, 'Class 400'),
(401, 'Class 401'),
(402, 'Class 402'),
(403, 'Class 403'),
(404, 'Class 404'),
(405, 'Class 405'),
(406, 'Class 406'),
(407, 'Class 407'),
(408, 'Class 408'),
(409, 'Class 409'),
(410, 'Class 410'),
(411, 'Class 411'),
(412, 'Class 412'),
(413, 'Class 413'),
(414, 'Class 414'),
(415, 'Class 415'),
(416, 'Class 416'),
(417, 'Class 417'),
(418, 'Class 418'),
(419, 'Class 419'),
(420, 'Class 420'),
(421, 'Class 421'),
(422, 'Class 422'),
(423, 'Class 423'),
(424, 'Class 424'),
(425, 'Class 425'),
(426, 'Class 426'),
(427, 'Class 427'),
(428, 'Class 428'),
(429, 'Class 429'),
(430, 'Class 430'),
(431, 'Class 431'),
(432, 'Class 432'),
(433, 'Class 433'),
(434, 'Class 434'),
(435, 'Class 435'),
(436, 'Class 436'),
(437, 'Class 437'),
(438, 'Class 438'),
(439, 'Class 439'),
(440, 'Class 440'),
(441, 'Class 441'),
(442, 'Class 442'),
(443, 'Class 443'),
(444, 'Class 444'),
(445, 'Class 445'),
(446, 'Class 446'),
(447, 'Class 447'),
(448, 'Class 448'),
(449, 'Class 449'),
(450, 'Class 450'),
(451, 'Class 451'),
(452, 'Class 452'),
(453, 'Class 453'),
(454, 'Class 454'),
(455, 'Class 455'),
(456, 'Class 456'),
(457, 'Class 457'),
(458, 'Class 458'),
(459, 'Class 459'),
(460, 'Class 460'),
(461, 'Class 461'),
(462, 'Class 462'),
(463, 'Class 463'),
(464, 'Class 464'),
(465, 'Class 465'),
(466, 'Class 466'),
(467, 'Class 467'),
(468, 'Class 468'),
(469, 'Class 469'),
(470, 'Class 470'),
(471, 'Class 471'),
(472, 'Class 472'),
(473, 'Class 473'),
(474, 'Class 474'),
(475, 'Class 475'),
(476, 'Class 476'),
(477, 'Class 477'),
(478, 'Class 478'),
(479, 'Class 479'),
(480, 'Class 480'),
(481, 'Class 481'),
(482, 'Class 482'),
(483, 'Class 483'),
(484, 'Class 484'),
(485, 'Class 485'),
(486, 'Class 486'),
(487, 'Class 487'),
(488, 'Class 488'),
(489, 'Class 489'),
(490, 'Class 490'),
(491, 'Class 491'),
(492, 'Class 492'),
(493, 'Class 493'),
(494, 'Class 494'),
(495, 'Class 495'),
(496, 'Class 496'),
(497, 'Class 497'),
(498, 'Class 498'),
(499, 'Class 499'),
(500, 'Class 500'),
(501, 'Class 501'),
(502, 'Class 502'),
(503, 'Class 503'),
(504, 'Class 504'),
(505, 'Class 505'),
(506, 'Class 506'),
(507, 'Class 507'),
(508, 'Class 508'),
(509, 'Class 509'),
(510, 'Class 510'),
(511, 'Class 511'),
(512, 'Class 512');

INSERT INTO subjects (subject_id, name) VALUES
(1, 'Mega subject');

INSERT INTO students (student_id, first_name, last_name, birth_date, class_id) VALUES
(1, 'Bryce', 'Floyd', '2006-12-26', 1),
(2, 'Caleb', 'Kramer', '1974-03-19', 2),
(3, 'Allison', 'Turner', '2003-04-30', 3),
(4, 'Andrew', 'Rodriguez', '1982-07-19', 4),
(5, 'Nathaniel', 'Marshall', '2020-01-23', 5),
(6, 'Kimberly', 'Stone', '2025-03-26', 6),
(7, 'Brianna', 'Riley', '2016-08-17', 7),
(8, 'Susan', 'Arellano', '1981-01-01', 8),
(9, 'Kevin', 'Mendez', '1997-04-27', 9),
(10, 'Lauren', 'Snow', '1996-10-01', 10),
(11, 'Michael', 'Carroll', '1988-01-06', 11),
(12, 'Tyler', 'Martinez', '1983-09-12', 12),
(13, 'Cristian', 'Bryant', '2015-03-14', 13),
(14, 'Angela', 'Fuller', '2018-12-21', 14),
(15, 'Andrew', 'Ingram', '1973-10-17', 15),
(16, 'Gabrielle', 'Sullivan', '1970-03-16', 16),
(17, 'Thomas', 'Banks', '2008-12-11', 17),
(18, 'April', 'Carr', '2003-02-13', 18),
(19, 'Anthony', 'Meyers', '1999-06-03', 19),
(20, 'Amanda', 'Walters', '1990-04-18', 20),
(21, 'Douglas', 'Miller', '1988-04-02', 21),
(22, 'Jason', 'Davis', '1975-01-18', 22),
(23, 'Crystal', 'Flowers', '1972-04-04', 23),
(24, 'Mason', 'Jackson', '1980-08-16', 24),
(25, 'Isaiah', 'Shields', '1983-12-04', 25),
(26, 'Casey', 'Moody', '1975-02-13', 26),
(27, 'Jon', 'Perez', '2020-09-28', 27),
(28, 'Nicole', 'Calhoun', '1997-05-10', 28),
(29, 'Timothy', 'Johnson', '1970-10-03', 29),
(30, 'Taylor', 'Guerrero', '1974-10-25', 30),
(31, 'Jennifer', 'Levine', '2019-06-07', 31),
(32, 'Carol', 'Ellis', '1982-05-28', 32),
(33, 'Christopher', 'Woodward', '2025-03-30', 33),
(34, 'Richard', 'Romero', '2016-03-05', 34),
(35, 'Jonathan', 'Summers', '2021-11-14', 35),
(36, 'Larry', 'Le', '2006-07-01', 36),
(37, 'Debbie', 'Yates', '1979-01-03', 37),
(38, 'Taylor', 'Gonzales', '1991-11-10', 38),
(39, 'Peter', 'Webster', '1990-03-25', 39),
(40, 'James', 'Evans', '1986-12-06', 40),
(41, 'Micheal', 'Smith', '2006-04-19', 41),
(42, 'Eric', 'Clark', '1993-12-20', 42),
(43, 'Michelle', 'Gray', '1995-05-08', 43),
(44, 'Jodi', 'Blake', '1990-11-10', 44),
(45, 'Tony', 'Ware', '2013-07-05', 45),
(46, 'Frank', 'Foster', '2006-05-27', 46),
(47, 'Kevin', 'Martinez', '2000-05-13', 47),
(48, 'Nathan', 'Fischer', '1982-12-18', 48),
(49, 'Raymond', 'Gonzalez', '1972-07-10', 49),
(50, 'Ashley', 'Klein', '2022-03-02', 50),
(51, 'Zachary', 'Norton', '2017-07-31', 51),
(52, 'Allison', 'Stewart', '2002-01-16', 52),
(53, 'Mary', 'Ramirez', '1976-05-03', 53),
(54, 'Christopher', 'Cooper', '1984-06-12', 54),
(55, 'Keith', 'Waller', '2000-10-24', 55),
(56, 'Zachary', 'Jones', '2013-04-30', 56),
(57, 'Brian', 'Morris', '1975-04-06', 57),
(58, 'Tammy', 'Horton', '1984-10-29', 58),
(59, 'Brandi', 'Walker', '1978-12-12', 59),
(60, 'Nicole', 'Thomas', '1987-01-10', 60),
(61, 'Carla', 'Jackson', '1979-03-07', 61),
(62, 'Cynthia', 'Daniel', '2002-06-24', 62),
(63, 'Megan', 'Fields', '1982-03-12', 63),
(64, 'Paul', 'Newman', '1981-07-23', 64),
(65, 'Dylan', 'Reyes', '1992-02-07', 65),
(66, 'Michael', 'Burke', '2011-07-13', 66),
(67, 'Theodore', 'Gomez', '2005-08-29', 67),
(68, 'Paul', 'Watson', '1990-10-16', 68),
(69, 'Christine', 'Morales', '2003-10-27', 69),
(70, 'Jeffrey', 'Parker', '2007-02-18', 70),
(71, 'Laurie', 'Smith', '2009-04-22', 71),
(72, 'Robert', 'Wilson', '1977-03-07', 72),
(73, 'Jessica', 'Hester', '2005-08-09', 73),
(74, 'Thomas', 'Gonzalez', '2016-09-04', 74),
(75, 'Melissa', 'Wang', '1995-12-15', 75),
(76, 'Taylor', 'Taylor', '1989-10-07', 76),
(77, 'Derek', 'Simpson', '2001-09-02', 77),
(78, 'Jared', 'Campbell', '1996-08-28', 78),
(79, 'Sheila', 'Lang', '2016-04-07', 79),
(80, 'Shawn', 'Ross', '2024-02-12', 80),
(81, 'Henry', 'Bailey', '2011-09-20', 81),
(82, 'Joanna', 'Barnes', '2007-03-04', 82),
(83, 'Dawn', 'Phillips', '2018-06-07', 83),
(84, 'Richard', 'Smith', '2018-12-10', 84),
(85, 'Melanie', 'Riggs', '2022-05-06', 85),
(86, 'Elizabeth', 'Norton', '2021-10-12', 86),
(87, 'Barbara', 'Ramos', '2018-09-25', 87),
(88, 'Jason', 'Skinner', '2013-08-17', 88),
(89, 'Cheryl', 'Morgan', '1999-04-01', 89),
(90, 'Donald', 'Smith', '1989-06-13', 90),
(91, 'Mallory', 'Johnson', '1978-10-20', 91),
(92, 'Makayla', 'Smith', '2007-04-18', 92),
(93, 'Ann', 'Moore', '1986-05-19', 93),
(94, 'Heather', 'Gill', '2024-11-14', 94),
(95, 'Curtis', 'White', '2011-03-25', 95),
(96, 'Alexander', 'Roberts', '2010-11-17', 96),
(97, 'Randy', 'Delgado', '2014-10-25', 97),
(98, 'Miranda', 'Wilson', '2008-08-07', 98),
(99, 'Jose', 'Barker', '2010-12-20', 99),
(100, 'Larry', 'Wilkins', '2015-09-11', 100),
(101, 'Joshua', 'Smith', '1975-04-12', 101),
(102, 'Melissa', 'Hammond', '1981-08-26', 102),
(103, 'David', 'Miller', '1998-02-28', 103),
(104, 'Krystal', 'Mccullough', '1986-10-11', 104),
(105, 'Sandra', 'Russell', '1979-11-12', 105),
(106, 'William', 'Fowler', '2021-11-18', 106),
(107, 'Stephen', 'Diaz', '2008-03-25', 107),
(108, 'Steven', 'Flores', '2017-04-30', 108),
(109, 'Jonathan', 'Ramos', '1994-12-17', 109),
(110, 'Lacey', 'Webb', '2011-08-03', 110),
(111, 'Cody', 'Adams', '1993-07-18', 111),
(112, 'Mackenzie', 'Johnson', '2005-04-13', 112),
(113, 'Brittany', 'Hall', '2004-09-07', 113),
(114, 'Craig', 'Reynolds', '1980-04-02', 114),
(115, 'Heather', 'Richardson', '2022-07-05', 115),
(116, 'Dylan', 'Tate', '1980-09-10', 116),
(117, 'Joshua', 'Stone', '2017-09-20', 117),
(118, 'Julia', 'Yu', '1994-07-26', 118),
(119, 'Angela', 'Harvey', '1971-10-20', 119),
(120, 'Randy', 'Irwin', '1989-05-23', 120),
(121, 'Adam', 'Simmons', '2017-06-21', 121),
(122, 'Brian', 'Barnes', '2023-06-29', 122),
(123, 'Rebecca', 'Brown', '2019-12-19', 123),
(124, 'Sylvia', 'Fisher', '1989-09-14', 124),
(125, 'Edward', 'Thompson', '2023-08-27', 125),
(126, 'Laura', 'Martinez', '1991-11-08', 126),
(127, 'Russell', 'Watson', '2007-04-13', 127),
(128, 'Michele', 'Contreras', '2000-01-12', 128),
(129, 'Edward', 'Porter', '2001-08-22', 129),
(130, 'Jessica', 'Sims', '1973-05-16', 130),
(131, 'Joshua', 'Butler', '2004-04-24', 131),
(132, 'Tiffany', 'Kelley', '1983-07-12', 132),
(133, 'Mark', 'Baker', '2016-02-19', 133),
(134, 'Gregory', 'Thompson', '1985-04-21', 134),
(135, 'Christopher', 'Berger', '2016-06-21', 135),
(136, 'Eric', 'Smith', '1982-01-08', 136),
(137, 'Alison', 'Anderson', '2015-11-27', 137),
(138, 'Joel', 'Hall', '1995-05-19', 138),
(139, 'Monique', 'Stewart', '1974-01-07', 139),
(140, 'Dennis', 'Moore', '2018-05-18', 140),
(141, 'Gregory', 'Carroll', '1970-01-02', 141),
(142, 'Amy', 'Colon', '1973-01-08', 142),
(143, 'Amy', 'Garcia', '2008-03-18', 143),
(144, 'Matthew', 'Norris', '1987-08-19', 144),
(145, 'Ronald', 'Martinez', '2019-04-02', 145),
(146, 'Jennifer', 'Melendez', '1980-04-03', 146),
(147, 'Jessica', 'Jefferson', '2020-10-27', 147),
(148, 'Ronald', 'Andrews', '2002-02-10', 148),
(149, 'Amanda', 'Jones', '1991-11-05', 149),
(150, 'Gregory', 'Nelson', '1971-02-27', 150),
(151, 'Austin', 'Jennings', '2008-08-21', 151),
(152, 'Amy', 'White', '1993-09-17', 152),
(153, 'Bradley', 'Johnson', '2000-12-07', 153),
(154, 'Lindsey', 'Cooley', '1978-05-21', 154),
(155, 'Travis', 'Cooper', '2015-04-01', 155),
(156, 'Juan', 'King', '2009-01-08', 156),
(157, 'Monica', 'Johnson', '1980-08-27', 157),
(158, 'Jonathan', 'Harris', '1990-07-18', 158),
(159, 'Michelle', 'Kirk', '2023-08-07', 159),
(160, 'Paula', 'Brown', '1988-07-21', 160),
(161, 'Steven', 'Lopez', '2020-04-08', 161),
(162, 'Kristen', 'Martin', '1997-06-11', 162),
(163, 'Paige', 'Harris', '1972-09-24', 163),
(164, 'Peter', 'Whitaker', '1987-11-18', 164),
(165, 'Dennis', 'Manning', '1991-09-27', 165),
(166, 'Bonnie', 'Jensen', '1971-09-30', 166),
(167, 'Benjamin', 'Murray', '1996-08-13', 167),
(168, 'Susan', 'Taylor', '1979-02-04', 168),
(169, 'Mary', 'Turner', '2008-12-09', 169),
(170, 'Lauren', 'Williamson', '1989-10-31', 170),
(171, 'Marie', 'Clark', '2008-12-25', 171),
(172, 'Heather', 'Johnson', '1983-08-08', 172),
(173, 'Heather', 'White', '1997-08-22', 173),
(174, 'Abigail', 'Haley', '2008-01-24', 174),
(175, 'Carol', 'Graham', '1993-04-08', 175),
(176, 'Rebecca', 'Shields', '2004-10-08', 176),
(177, 'Allison', 'Green', '1975-08-18', 177),
(178, 'Stephanie', 'Walker', '1988-05-04', 178),
(179, 'Abigail', 'Bird', '1972-10-18', 179),
(180, 'Amber', 'Patel', '1976-03-24', 180),
(181, 'Erika', 'Clark', '1990-03-16', 181),
(182, 'Andrea', 'Bailey', '1989-09-19', 182),
(183, 'Troy', 'Bates', '2003-07-21', 183),
(184, 'John', 'Mccoy', '1975-01-06', 184),
(185, 'Christopher', 'Walter', '2017-10-08', 185),
(186, 'Tiffany', 'Williams', '1972-07-20', 186),
(187, 'Vanessa', 'Ochoa', '1981-04-11', 187),
(188, 'Michelle', 'Mercado', '1983-09-05', 188),
(189, 'Jared', 'Juarez', '1973-09-21', 189),
(190, 'Brian', 'Clark', '1982-04-09', 190),
(191, 'Joy', 'Houston', '2016-01-17', 191),
(192, 'David', 'Owen', '1999-06-07', 192),
(193, 'Jonathan', 'Guzman', '1974-03-08', 193),
(194, 'Angela', 'Garza', '1973-12-09', 194),
(195, 'Lisa', 'Lara', '1979-06-25', 195),
(196, 'Peter', 'Coleman', '2018-04-17', 196),
(197, 'Craig', 'Cline', '2018-09-29', 197),
(198, 'Scott', 'Thomas', '1972-09-20', 198),
(199, 'Tara', 'Morris', '2022-05-20', 199),
(200, 'David', 'Johnson', '2016-11-07', 200),
(201, 'Audrey', 'Johnson', '1981-01-22', 201),
(202, 'David', 'Gray', '2022-10-15', 202),
(203, 'Melissa', 'Dunn', '1971-05-15', 203),
(204, 'Vincent', 'Evans', '2021-10-14', 204),
(205, 'Wayne', 'Johnson', '1999-10-30', 205),
(206, 'Rachel', 'Moore', '2006-06-13', 206),
(207, 'Jacob', 'Farley', '2019-11-08', 207),
(208, 'Julie', 'Goodwin', '1975-04-21', 208),
(209, 'Paul', 'Downs', '1993-11-19', 209),
(210, 'Jeffrey', 'Dyer', '1989-12-30', 210),
(211, 'Sabrina', 'Jenkins', '2001-01-03', 211),
(212, 'Susan', 'Kaufman', '1977-11-16', 212),
(213, 'Jack', 'Jones', '2002-05-25', 213),
(214, 'James', 'Lewis', '1988-02-29', 214),
(215, 'Daniel', 'Obrien', '1986-10-20', 215),
(216, 'Daniel', 'Beard', '1997-10-10', 216),
(217, 'Jeff', 'Osborn', '2022-06-17', 217),
(218, 'Rachel', 'Nelson', '1979-12-06', 218),
(219, 'Jerry', 'Martinez', '1983-08-17', 219),
(220, 'Jennifer', 'Roberts', '2024-06-14', 220),
(221, 'Peter', 'Hill', '1990-08-26', 221),
(222, 'Michelle', 'Grant', '1995-07-21', 222),
(223, 'Jamie', 'Lewis', '2007-06-03', 223),
(224, 'Sherri', 'Bailey', '2023-08-01', 224),
(225, 'Emily', 'Sanchez', '1994-02-15', 225),
(226, 'Ashley', 'Newman', '2015-01-09', 226),
(227, 'David', 'Bartlett', '2007-12-19', 227),
(228, 'Caroline', 'Rodriguez', '2007-11-30', 228),
(229, 'Tonya', 'Patterson', '2018-08-05', 229),
(230, 'Michael', 'Warren', '1973-09-07', 230),
(231, 'Angela', 'Keller', '1989-04-16', 231),
(232, 'Amy', 'Rich', '1994-08-11', 232),
(233, 'Jasmin', 'Brown', '1977-12-08', 233),
(234, 'Logan', 'Donaldson', '2015-12-28', 234),
(235, 'Christian', 'Garcia', '2017-06-24', 235),
(236, 'Elizabeth', 'White', '1984-11-04', 236),
(237, 'Juan', 'Roman', '2021-09-13', 237),
(238, 'Amanda', 'Freeman', '2009-07-22', 238),
(239, 'Jennifer', 'Middleton', '1996-02-24', 239),
(240, 'Melinda', 'Smith', '2007-09-27', 240),
(241, 'Amanda', 'Harris', '2012-10-14', 241),
(242, 'Timothy', 'Adams', '2006-08-19', 242),
(243, 'Chase', 'Johnson', '2009-03-30', 243),
(244, 'Kim', 'Landry', '1971-10-02', 244),
(245, 'Rachel', 'Bailey', '2014-06-16', 245),
(246, 'Mark', 'Green', '1974-06-11', 246),
(247, 'Kayla', 'Archer', '1975-01-03', 247),
(248, 'Sandra', 'Wheeler', '1986-10-09', 248),
(249, 'George', 'Martin', '1990-04-12', 249),
(250, 'Kristin', 'Jordan', '1985-05-02', 250),
(251, 'Carly', 'Saunders', '2020-03-18', 251),
(252, 'Gavin', 'Smith', '1989-12-01', 252),
(253, 'Andres', 'Frank', '1975-04-12', 253),
(254, 'Sherry', 'Sherman', '2006-05-31', 254),
(255, 'Jennifer', 'Hall', '2015-09-09', 255),
(256, 'Bryan', 'Mora', '2005-03-01', 256),
(257, 'Trevor', 'Hoover', '2025-04-04', 257),
(258, 'David', 'Goodwin', '2013-05-04', 258),
(259, 'Pedro', 'Rodriguez', '2010-10-03', 259),
(260, 'Deanna', 'Ramos', '2014-08-14', 260),
(261, 'Patricia', 'Oconnor', '1980-03-29', 261),
(262, 'Teresa', 'Murphy', '1986-04-22', 262),
(263, 'Tanya', 'Macdonald', '2013-05-31', 263),
(264, 'April', 'Wilson', '1982-06-09', 264),
(265, 'Jeremy', 'Mclaughlin', '1971-04-29', 265),
(266, 'Ruth', 'Huff', '2017-05-09', 266),
(267, 'Laura', 'Ortiz', '1989-12-13', 267),
(268, 'Gail', 'Keller', '1997-03-18', 268),
(269, 'Michael', 'Patterson', '1993-06-18', 269),
(270, 'Kristen', 'Martin', '1977-11-03', 270),
(271, 'Roger', 'Simon', '1984-01-28', 271),
(272, 'Nicholas', 'Simpson', '2008-10-30', 272),
(273, 'Michael', 'Leon', '2002-10-07', 273),
(274, 'Christopher', 'Hill', '1972-08-16', 274),
(275, 'Michael', 'Griffin', '1978-01-29', 275),
(276, 'Tonya', 'Arnold', '2017-12-27', 276),
(277, 'Chad', 'Miller', '1985-08-21', 277),
(278, 'Martin', 'Copeland', '2023-03-13', 278),
(279, 'Amy', 'Anderson', '2007-08-17', 279),
(280, 'Gabriel', 'Willis', '2022-11-15', 280),
(281, 'Derek', 'Jones', '1975-12-20', 281),
(282, 'Lisa', 'Harris', '1971-11-06', 282),
(283, 'Seth', 'Schneider', '1972-06-04', 283),
(284, 'Frank', 'Marshall', '1982-10-31', 284),
(285, 'Kimberly', 'Lin', '1998-04-06', 285),
(286, 'Robert', 'Brown', '2018-08-23', 286),
(287, 'Amanda', 'Martinez', '2007-11-30', 287),
(288, 'Brett', 'Armstrong', '2001-10-31', 288),
(289, 'Robert', 'Dominguez', '2024-05-05', 289),
(290, 'Rebecca', 'Beard', '1984-04-30', 290),
(291, 'David', 'Mckinney', '1970-12-15', 291),
(292, 'Kathleen', 'Lewis', '1992-07-24', 292),
(293, 'Megan', 'Bruce', '1981-11-05', 293),
(294, 'Russell', 'Patterson', '2020-08-30', 294),
(295, 'Kristen', 'Smith', '1978-10-03', 295),
(296, 'Christine', 'Cannon', '1987-02-03', 296),
(297, 'Philip', 'Velazquez', '1987-08-20', 297),
(298, 'Caleb', 'Vargas', '1979-07-12', 298),
(299, 'Christine', 'Prince', '1979-06-09', 299),
(300, 'Dale', 'Wilson', '2008-11-09', 300),
(301, 'Mark', 'Hayes', '1976-06-06', 301),
(302, 'Kimberly', 'Martin', '2003-11-29', 302),
(303, 'Matthew', 'Conrad', '2006-06-25', 303),
(304, 'Oscar', 'White', '1991-11-22', 304),
(305, 'Jerry', 'Melton', '1978-11-20', 305),
(306, 'Mario', 'Young', '2015-06-17', 306),
(307, 'James', 'Riley', '2019-11-15', 307),
(308, 'Martin', 'Chapman', '2012-03-30', 308),
(309, 'Andrew', 'Ali', '2007-08-08', 309),
(310, 'Christopher', 'Williams', '1998-11-19', 310),
(311, 'Jason', 'Norris', '2003-09-15', 311),
(312, 'William', 'Padilla', '1974-05-31', 312),
(313, 'Laura', 'Waller', '1980-09-16', 313),
(314, 'Lynn', 'Ross', '1971-08-22', 314),
(315, 'David', 'Edwards', '2022-08-13', 315),
(316, 'John', 'Harris', '2022-09-11', 316),
(317, 'Sarah', 'Phillips', '1999-02-16', 317),
(318, 'Michele', 'Myers', '2020-06-15', 318),
(319, 'Maria', 'Jones', '1976-02-18', 319),
(320, 'Scott', 'Lee', '1980-06-01', 320),
(321, 'Brandon', 'Sherman', '2019-10-06', 321),
(322, 'Angela', 'Lopez', '2024-11-30', 322),
(323, 'Mitchell', 'Stone', '1981-09-09', 323),
(324, 'Joshua', 'Bowman', '2019-06-19', 324),
(325, 'Kyle', 'Grimes', '2014-09-23', 325),
(326, 'John', 'Garcia', '2001-11-11', 326),
(327, 'Michael', 'Soto', '2001-09-13', 327),
(328, 'Michelle', 'Garcia', '1978-12-06', 328),
(329, 'Jimmy', 'Olson', '2007-12-12', 329),
(330, 'Tracy', 'Mcpherson', '1985-04-29', 330),
(331, 'Barry', 'Stone', '1982-04-10', 331),
(332, 'Cody', 'Kennedy', '2007-08-06', 332),
(333, 'Lisa', 'Martin', '2005-07-08', 333),
(334, 'Martin', 'White', '1972-06-27', 334),
(335, 'Eddie', 'Little', '2007-12-16', 335),
(336, 'Joseph', 'Jacobs', '2009-11-19', 336),
(337, 'Toni', 'Guzman', '1976-03-30', 337),
(338, 'Michelle', 'Suarez', '1993-03-16', 338),
(339, 'Barbara', 'Huffman', '1981-03-19', 339),
(340, 'Andrew', 'Henderson', '1980-06-06', 340),
(341, 'Haley', 'Bishop', '1988-05-09', 341),
(342, 'Jennifer', 'Moon', '1996-08-03', 342),
(343, 'Brittany', 'Pugh', '2016-07-30', 343),
(344, 'Keith', 'Sullivan', '2010-08-11', 344),
(345, 'Patrick', 'Johnson', '2014-08-14', 345),
(346, 'Nathan', 'Kim', '1970-03-15', 346),
(347, 'Madeline', 'Parsons', '1991-05-22', 347),
(348, 'Jessica', 'Smith', '2007-02-17', 348),
(349, 'Max', 'Tran', '2002-03-30', 349),
(350, 'Sean', 'Nguyen', '1984-06-11', 350),
(351, 'Marcia', 'Williams', '1994-04-29', 351),
(352, 'Patricia', 'Smith', '1987-02-28', 352),
(353, 'Thomas', 'Mccormick', '1999-12-06', 353),
(354, 'Jenny', 'Cole', '2013-04-08', 354),
(355, 'Grant', 'Baker', '1972-02-17', 355),
(356, 'Kayla', 'Jones', '1976-11-14', 356),
(357, 'Melissa', 'Hobbs', '1975-11-08', 357),
(358, 'Charles', 'Woods', '2021-09-17', 358),
(359, 'Russell', 'Rodriguez', '2017-08-11', 359),
(360, 'Tina', 'Obrien', '1990-12-04', 360),
(361, 'Lisa', 'Anderson', '1980-04-17', 361),
(362, 'Corey', 'Conley', '1984-06-06', 362),
(363, 'David', 'Smith', '1992-08-15', 363),
(364, 'Matthew', 'Walsh', '2009-02-19', 364),
(365, 'Robert', 'Jones', '1992-07-13', 365),
(366, 'Jean', 'Alvarez', '1982-01-17', 366),
(367, 'Andrew', 'Robinson', '1981-09-03', 367),
(368, 'Brianna', 'Garza', '2015-12-24', 368),
(369, 'Christine', 'Robinson', '1985-05-24', 369),
(370, 'Nathan', 'Bryant', '2007-03-16', 370),
(371, 'Christine', 'Patterson', '2016-06-06', 371),
(372, 'Victoria', 'Smith', '1998-07-27', 372),
(373, 'John', 'Rivera', '2009-05-11', 373),
(374, 'Lauren', 'Smith', '2003-06-20', 374),
(375, 'Lisa', 'Fernandez', '2021-12-04', 375),
(376, 'Lauren', 'Walker', '2015-04-06', 376),
(377, 'Stephanie', 'Wyatt', '1973-09-12', 377),
(378, 'Amy', 'Wilson', '2004-06-07', 378),
(379, 'Vanessa', 'Wilson', '2018-06-11', 379),
(380, 'Natalie', 'Clark', '2015-11-20', 380),
(381, 'Sabrina', 'Martinez', '1992-02-27', 381),
(382, 'Kimberly', 'Ware', '1970-10-14', 382),
(383, 'Karen', 'Blanchard', '2007-05-04', 383),
(384, 'Michael', 'Ramirez', '1979-02-03', 384),
(385, 'Christian', 'Boone', '2020-01-30', 385),
(386, 'Morgan', 'Cherry', '2013-04-02', 386),
(387, 'Christian', 'Camacho', '1991-12-08', 387),
(388, 'Alison', 'Ramsey', '2000-09-14', 388),
(389, 'Joshua', 'Barber', '1998-04-23', 389),
(390, 'Brittany', 'Logan', '1978-01-07', 390),
(391, 'Lisa', 'Hudson', '1982-04-12', 391),
(392, 'Donna', 'Mann', '2010-09-20', 392),
(393, 'Maria', 'Oliver', '2015-06-05', 393),
(394, 'Janet', 'Anderson', '2022-06-11', 394),
(395, 'Cynthia', 'Hancock', '1994-08-29', 395),
(396, 'Taylor', 'Long', '2022-05-30', 396),
(397, 'Steven', 'Smith', '1983-05-05', 397),
(398, 'John', 'Ramirez', '1975-04-06', 398),
(399, 'Daniel', 'Williams', '1971-09-01', 399),
(400, 'Victor', 'Smith', '1996-08-17', 400),
(401, 'Eric', 'Lopez', '2018-12-24', 401),
(402, 'David', 'Ball', '1977-07-09', 402),
(403, 'Dustin', 'Jones', '1993-04-16', 403),
(404, 'Chelsea', 'Schultz', '2021-09-24', 404),
(405, 'Zachary', 'Jones', '2004-03-06', 405),
(406, 'Pam', 'Villarreal', '2017-01-15', 406),
(407, 'Robert', 'Richardson', '1978-05-03', 407),
(408, 'Jennifer', 'Jackson', '1970-10-19', 408),
(409, 'Timothy', 'Alexander', '2014-07-29', 409),
(410, 'Brittany', 'Figueroa', '2009-10-15', 410),
(411, 'Steven', 'Reyes', '1982-09-20', 411),
(412, 'Diamond', 'Brooks', '1971-08-12', 412),
(413, 'Samuel', 'Brown', '1973-06-25', 413),
(414, 'Jennifer', 'King', '1985-12-10', 414),
(415, 'Johnathan', 'Grant', '2018-06-13', 415),
(416, 'Donald', 'Vazquez', '2017-09-15', 416),
(417, 'Kyle', 'Hughes', '1981-05-14', 417),
(418, 'Michael', 'Mason', '2016-12-28', 418),
(419, 'Michael', 'Johnson', '2025-01-05', 419),
(420, 'Hunter', 'Reese', '2014-12-03', 420),
(421, 'Caitlin', 'Johnson', '2019-01-24', 421),
(422, 'Michael', 'Mejia', '1985-04-24', 422),
(423, 'Diana', 'Ryan', '2022-11-07', 423),
(424, 'Bobby', 'Fitzgerald', '1982-07-10', 424),
(425, 'Leah', 'Graham', '1987-03-14', 425),
(426, 'Brian', 'Carter', '1995-11-05', 426),
(427, 'Rachel', 'Griffith', '2006-03-24', 427),
(428, 'Shelly', 'Hardin', '1985-11-21', 428),
(429, 'Alexandra', 'Green', '1984-01-06', 429),
(430, 'Sara', 'Reynolds', '2023-03-01', 430),
(431, 'Megan', 'Johnson', '1972-06-02', 431),
(432, 'Anthony', 'Shaffer', '1991-12-02', 432),
(433, 'William', 'Miller', '1982-10-02', 433),
(434, 'Christopher', 'Knapp', '2024-09-09', 434),
(435, 'Cory', 'Marshall', '1982-02-14', 435),
(436, 'Lisa', 'Murphy', '2014-11-22', 436),
(437, 'Nicholas', 'Proctor', '2003-02-10', 437),
(438, 'Adam', 'Green', '1971-12-10', 438),
(439, 'Suzanne', 'Gray', '1989-04-17', 439),
(440, 'Kelsey', 'Foster', '2024-01-01', 440),
(441, 'Barbara', 'Johnson', '2015-04-19', 441),
(442, 'Alison', 'Brown', '2025-03-26', 442),
(443, 'Arthur', 'Hayes', '2006-03-25', 443),
(444, 'Billy', 'Williams', '2001-06-03', 444),
(445, 'Donald', 'Baker', '1974-04-17', 445),
(446, 'Marisa', 'Knight', '1998-07-07', 446),
(447, 'Beth', 'Snyder', '2000-06-25', 447),
(448, 'Brittany', 'Price', '1988-12-01', 448),
(449, 'Carol', 'Collins', '1972-05-17', 449),
(450, 'David', 'Benton', '1996-04-24', 450),
(451, 'Stacie', 'Mills', '2006-05-12', 451),
(452, 'Nathan', 'Davis', '1999-12-23', 452),
(453, 'Thomas', 'Stuart', '2012-03-13', 453),
(454, 'Jessica', 'Howard', '2001-01-17', 454),
(455, 'Aaron', 'Alvarez', '1997-02-09', 455),
(456, 'Justin', 'Walker', '2000-09-18', 456),
(457, 'Holly', 'Keith', '1991-08-28', 457),
(458, 'Nicole', 'Velazquez', '1973-12-16', 458),
(459, 'Gloria', 'Perez', '2000-06-21', 459),
(460, 'Daniel', 'Walters', '2000-05-20', 460),
(461, 'Julie', 'Burton', '2003-10-23', 461),
(462, 'Michael', 'Bonilla', '2002-11-07', 462),
(463, 'Rebecca', 'Martinez', '2008-12-30', 463),
(464, 'Christine', 'Johnson', '2002-03-12', 464),
(465, 'Charles', 'Jimenez', '1995-06-06', 465),
(466, 'Sharon', 'Campbell', '2023-11-28', 466),
(467, 'Amy', 'Walker', '2002-08-27', 467),
(468, 'Sean', 'Villarreal', '1981-04-03', 468),
(469, 'Sandra', 'Wright', '2018-10-17', 469),
(470, 'Julie', 'Wood', '2011-10-02', 470),
(471, 'Kim', 'Patterson', '1972-07-03', 471),
(472, 'Brianna', 'Miller', '2002-03-17', 472),
(473, 'Bobby', 'Mercado', '1995-12-10', 473),
(474, 'Bobby', 'Jackson', '2014-02-18', 474),
(475, 'Ralph', 'Solis', '1982-09-22', 475),
(476, 'Zachary', 'Jones', '2002-11-12', 476),
(477, 'Catherine', 'Scott', '2008-01-10', 477),
(478, 'Lorraine', 'Ward', '1973-01-08', 478),
(479, 'Joseph', 'Lewis', '2005-08-17', 479),
(480, 'Denise', 'Young', '1989-05-01', 480),
(481, 'Jeffrey', 'Pacheco', '1991-04-09', 481),
(482, 'Colin', 'Carr', '2020-12-12', 482),
(483, 'James', 'Carter', '2024-05-07', 483),
(484, 'Wendy', 'Young', '2011-01-03', 484),
(485, 'Erin', 'Morris', '1990-05-05', 485),
(486, 'Dominic', 'Estes', '1984-03-30', 486),
(487, 'Kristy', 'West', '1988-04-02', 487),
(488, 'Taylor', 'Cain', '1996-11-17', 488),
(489, 'Lisa', 'Rice', '2019-06-08', 489),
(490, 'Stephanie', 'Wade', '1970-03-23', 490),
(491, 'Nicole', 'Hubbard', '2009-06-11', 491),
(492, 'Amy', 'Sullivan', '2002-04-04', 492),
(493, 'Peter', 'Cain', '2013-02-06', 493),
(494, 'Rachel', 'Henry', '2017-09-28', 494),
(495, 'Jessica', 'Moyer', '1982-04-20', 495),
(496, 'David', 'Owens', '2016-08-15', 496),
(497, 'Jennifer', 'Newman', '1996-05-18', 497),
(498, 'Joseph', 'Torres', '1995-08-03', 498),
(499, 'Jessica', 'Sanchez', '1984-06-15', 499),
(500, 'Kathryn', 'Peters', '2017-05-03', 500),
(501, 'Omar', 'Cordova', '1987-05-29', 501),
(502, 'Bailey', 'Wood', '1970-05-23', 502),
(503, 'Daniel', 'Mcknight', '1983-10-23', 503),
(504, 'Casey', 'Wyatt', '2017-05-03', 504),
(505, 'Sophia', 'Edwards', '1989-07-30', 505),
(506, 'Thomas', 'Guzman', '1981-05-30', 506),
(507, 'Monica', 'Navarro', '2012-12-23', 507),
(508, 'Mark', 'Martin', '1985-06-30', 508),
(509, 'David', 'Singh', '1992-06-18', 509),
(510, 'Gregory', 'Dunn', '2008-10-30', 510),
(511, 'Adam', 'Lopez', '1981-06-18', 511),
(512, 'Kenneth', 'Smith', '2002-01-06', 512);

INSERT INTO teachers (teacher_id, first_name, last_name, subject_id) VALUES
(1, 'Mega', 'Teacher', 1);

INSERT INTO lessons (lesson_id, date, class_id, subject_id) VALUES
(1, '1995-04-14', 1, 1),
(2, '2002-03-12', 2, 1),
(3, '2003-06-08', 3, 1),
(4, '1988-05-05', 4, 1),
(5, '2003-10-07', 5, 1),
(6, '2008-08-17', 6, 1),
(7, '2011-08-30', 7, 1),
(8, '1985-06-01', 8, 1),
(9, '1994-01-07', 9, 1),
(10, '1988-08-30', 10, 1),
(11, '1988-12-22', 11, 1),
(12, '2023-04-24', 12, 1),
(13, '1970-08-26', 13, 1),
(14, '2000-04-30', 14, 1),
(15, '1998-10-09', 15, 1),
(16, '1998-12-15', 16, 1),
(17, '2023-09-10', 17, 1),
(18, '2007-10-07', 18, 1),
(19, '2000-07-02', 19, 1),
(20, '2010-08-15', 20, 1),
(21, '1981-02-12', 21, 1),
(22, '2013-07-19', 22, 1),
(23, '2023-01-23', 23, 1),
(24, '2000-02-11', 24, 1),
(25, '1997-06-26', 25, 1),
(26, '1992-03-31', 26, 1),
(27, '1988-03-07', 27, 1),
(28, '2017-08-08', 28, 1),
(29, '1983-01-25', 29, 1),
(30, '1986-10-31', 30, 1),
(31, '2015-02-01', 31, 1),
(32, '2003-09-01', 32, 1),
(33, '1979-10-18', 33, 1),
(34, '2020-07-10', 34, 1),
(35, '2005-10-29', 35, 1),
(36, '2025-03-21', 36, 1),
(37, '1987-11-19', 37, 1),
(38, '1970-10-28', 38, 1),
(39, '2017-03-21', 39, 1),
(40, '2019-04-29', 40, 1),
(41, '1994-05-02', 41, 1),
(42, '1971-10-10', 42, 1),
(43, '1996-01-25', 43, 1),
(44, '1978-05-12', 44, 1),
(45, '1979-05-30', 45, 1),
(46, '1983-01-09', 46, 1),
(47, '1996-05-05', 47, 1),
(48, '2005-10-16', 48, 1),
(49, '1992-01-27', 49, 1),
(50, '2018-12-28', 50, 1),
(51, '1979-04-14', 51, 1),
(52, '2000-05-12', 52, 1),
(53, '1982-06-23', 53, 1),
(54, '2011-10-08', 54, 1),
(55, '1981-09-09', 55, 1),
(56, '2001-10-23', 56, 1),
(57, '2015-04-04', 57, 1),
(58, '2011-10-19', 58, 1),
(59, '2012-10-16', 59, 1),
(60, '1992-05-28', 60, 1),
(61, '1978-06-10', 61, 1),
(62, '2010-06-29', 62, 1),
(63, '1974-12-29', 63, 1),
(64, '1982-10-31', 64, 1),
(65, '1996-08-10', 65, 1),
(66, '2018-11-02', 66, 1),
(67, '1975-06-23', 67, 1),
(68, '1989-07-30', 68, 1),
(69, '2003-10-02', 69, 1),
(70, '2010-08-20', 70, 1),
(71, '2016-05-18', 71, 1),
(72, '2001-10-10', 72, 1),
(73, '1975-06-08', 73, 1),
(74, '1973-10-25', 74, 1),
(75, '2008-05-08', 75, 1),
(76, '2007-07-13', 76, 1),
(77, '1973-11-30', 77, 1),
(78, '1981-01-10', 78, 1),
(79, '1989-11-30', 79, 1),
(80, '1973-04-01', 80, 1),
(81, '2003-11-04', 81, 1),
(82, '1976-01-04', 82, 1),
(83, '2002-04-06', 83, 1),
(84, '1995-08-14', 84, 1),
(85, '1999-04-14', 85, 1),
(86, '1992-12-01', 86, 1),
(87, '2019-07-10', 87, 1),
(88, '2017-07-01', 88, 1),
(89, '1987-05-05', 89, 1),
(90, '1972-06-11', 90, 1),
(91, '2020-06-03', 91, 1),
(92, '2006-06-07', 92, 1),
(93, '2003-04-19', 93, 1),
(94, '1990-12-10', 94, 1),
(95, '1992-12-22', 95, 1),
(96, '2008-10-08', 96, 1),
(97, '2002-09-06', 97, 1),
(98, '2002-04-26', 98, 1),
(99, '1979-12-15', 99, 1),
(100, '1974-02-13', 100, 1),
(101, '2020-08-11', 101, 1),
(102, '1982-09-19', 102, 1),
(103, '2005-06-30', 103, 1),
(104, '1973-02-12', 104, 1),
(105, '1973-09-22', 105, 1),
(106, '1970-06-06', 106, 1),
(107, '1997-01-03', 107, 1),
(108, '1982-07-29', 108, 1),
(109, '2025-01-01', 109, 1),
(110, '1983-05-29', 110, 1),
(111, '1978-11-04', 111, 1),
(112, '1983-01-02', 112, 1),
(113, '1996-09-28', 113, 1),
(114, '1982-07-24', 114, 1),
(115, '1970-03-15', 115, 1),
(116, '2013-02-16', 116, 1),
(117, '1970-07-19', 117, 1),
(118, '1992-06-28', 118, 1),
(119, '2025-01-10', 119, 1),
(120, '1994-02-01', 120, 1),
(121, '1995-12-29', 121, 1),
(122, '2013-03-05', 122, 1),
(123, '1995-12-13', 123, 1),
(124, '2008-10-03', 124, 1),
(125, '1976-05-05', 125, 1),
(126, '1981-11-14', 126, 1),
(127, '1986-05-15', 127, 1),
(128, '2020-11-13', 128, 1),
(129, '2022-09-18', 129, 1),
(130, '1993-11-22', 130, 1),
(131, '2007-09-27', 131, 1),
(132, '1977-04-09', 132, 1),
(133, '2000-11-26', 133, 1),
(134, '1999-02-19', 134, 1),
(135, '1991-09-12', 135, 1),
(136, '2019-12-01', 136, 1),
(137, '1971-01-21', 137, 1),
(138, '1998-08-29', 138, 1),
(139, '1992-08-22', 139, 1),
(140, '2013-08-28', 140, 1),
(141, '1994-03-29', 141, 1),
(142, '1998-12-08', 142, 1),
(143, '1970-09-19', 143, 1),
(144, '1998-10-30', 144, 1),
(145, '1973-10-04', 145, 1),
(146, '1994-07-17', 146, 1),
(147, '1983-09-26', 147, 1),
(148, '1991-06-10', 148, 1),
(149, '2020-10-17', 149, 1),
(150, '2007-09-19', 150, 1),
(151, '1983-07-30', 151, 1),
(152, '1994-01-26', 152, 1),
(153, '2012-03-20', 153, 1),
(154, '1998-03-20', 154, 1),
(155, '1979-10-22', 155, 1),
(156, '1991-07-25', 156, 1),
(157, '2007-03-07', 157, 1),
(158, '2024-11-16', 158, 1),
(159, '1975-08-21', 159, 1),
(160, '2012-03-24', 160, 1),
(161, '2021-03-08', 161, 1),
(162, '1978-06-13', 162, 1),
(163, '1986-07-23', 163, 1),
(164, '2022-03-12', 164, 1),
(165, '2021-05-05', 165, 1),
(166, '1992-09-15', 166, 1),
(167, '1987-09-27', 167, 1),
(168, '2009-01-12', 168, 1),
(169, '1999-04-11', 169, 1),
(170, '1989-03-10', 170, 1),
(171, '1974-06-03', 171, 1),
(172, '2020-01-21', 172, 1),
(173, '1972-02-08', 173, 1),
(174, '2013-10-09', 174, 1),
(175, '1984-04-26', 175, 1),
(176, '1983-11-12', 176, 1),
(177, '1977-05-25', 177, 1),
(178, '2009-11-11', 178, 1),
(179, '1984-08-10', 179, 1),
(180, '1980-01-13', 180, 1),
(181, '1994-09-15', 181, 1),
(182, '2024-06-11', 182, 1),
(183, '2012-06-23', 183, 1),
(184, '1987-03-07', 184, 1),
(185, '2000-08-28', 185, 1),
(186, '2015-02-07', 186, 1),
(187, '1986-11-29', 187, 1),
(188, '2007-08-18', 188, 1),
(189, '1985-01-22', 189, 1),
(190, '1974-06-11', 190, 1),
(191, '1983-07-01', 191, 1),
(192, '2009-06-03', 192, 1),
(193, '1984-02-17', 193, 1),
(194, '2014-07-19', 194, 1),
(195, '1997-12-08', 195, 1),
(196, '1993-04-21', 196, 1),
(197, '1995-12-31', 197, 1),
(198, '1990-11-10', 198, 1),
(199, '1975-12-13', 199, 1),
(200, '1973-08-25', 200, 1),
(201, '1986-05-09', 201, 1),
(202, '2013-08-21', 202, 1),
(203, '1998-10-04', 203, 1),
(204, '2019-11-01', 204, 1),
(205, '1997-01-02', 205, 1),
(206, '1987-06-03', 206, 1),
(207, '2018-04-03', 207, 1),
(208, '2013-02-28', 208, 1),
(209, '1992-02-09', 209, 1),
(210, '1977-10-07', 210, 1),
(211, '2024-03-25', 211, 1),
(212, '2016-08-22', 212, 1),
(213, '1974-11-13', 213, 1),
(214, '1972-02-26', 214, 1),
(215, '2016-02-20', 215, 1),
(216, '1975-12-13', 216, 1),
(217, '1983-08-05', 217, 1),
(218, '2010-04-20', 218, 1),
(219, '2006-01-24', 219, 1),
(220, '1974-10-20', 220, 1),
(221, '2005-07-27', 221, 1),
(222, '1988-07-25', 222, 1),
(223, '1997-06-26', 223, 1),
(224, '1976-10-17', 224, 1),
(225, '1997-01-01', 225, 1),
(226, '1995-08-20', 226, 1),
(227, '1981-01-25', 227, 1),
(228, '1989-07-02', 228, 1),
(229, '1982-04-26', 229, 1),
(230, '2001-04-19', 230, 1),
(231, '1993-04-10', 231, 1),
(232, '2019-08-16', 232, 1),
(233, '1977-03-25', 233, 1),
(234, '1987-08-29', 234, 1),
(235, '2001-02-07', 235, 1),
(236, '1971-03-27', 236, 1),
(237, '2007-10-02', 237, 1),
(238, '2001-03-22', 238, 1),
(239, '1999-12-12', 239, 1),
(240, '1982-10-27', 240, 1),
(241, '1999-12-12', 241, 1),
(242, '2013-09-18', 242, 1),
(243, '1989-02-11', 243, 1),
(244, '1992-08-09', 244, 1),
(245, '1975-11-30', 245, 1),
(246, '1996-11-27', 246, 1),
(247, '1972-04-11', 247, 1),
(248, '1984-09-11', 248, 1),
(249, '2005-07-04', 249, 1),
(250, '1971-11-09', 250, 1),
(251, '1996-02-09', 251, 1),
(252, '1991-12-16', 252, 1),
(253, '1986-03-04', 253, 1),
(254, '1981-11-07', 254, 1),
(255, '2010-11-27', 255, 1),
(256, '2013-08-26', 256, 1),
(257, '1983-04-09', 257, 1),
(258, '1975-07-19', 258, 1),
(259, '1994-06-07', 259, 1),
(260, '2018-04-22', 260, 1),
(261, '2019-11-08', 261, 1),
(262, '2021-04-30', 262, 1),
(263, '2009-10-30', 263, 1),
(264, '1991-07-03', 264, 1),
(265, '1997-05-11', 265, 1),
(266, '1994-08-24', 266, 1),
(267, '1995-02-24', 267, 1),
(268, '2018-10-31', 268, 1),
(269, '1979-04-30', 269, 1),
(270, '1987-01-19', 270, 1),
(271, '1976-10-12', 271, 1),
(272, '1997-01-27', 272, 1),
(273, '2019-05-07', 273, 1),
(274, '2010-07-03', 274, 1),
(275, '2010-08-28', 275, 1),
(276, '1998-10-31', 276, 1),
(277, '2002-08-17', 277, 1),
(278, '1978-10-04', 278, 1),
(279, '2022-03-15', 279, 1),
(280, '1978-04-21', 280, 1),
(281, '1974-04-14', 281, 1),
(282, '1970-05-28', 282, 1),
(283, '1982-07-31', 283, 1),
(284, '1975-01-27', 284, 1),
(285, '2011-02-25', 285, 1),
(286, '2019-02-02', 286, 1),
(287, '1989-09-13', 287, 1),
(288, '1979-01-12', 288, 1),
(289, '2013-05-04', 289, 1),
(290, '1983-01-17', 290, 1),
(291, '2019-07-27', 291, 1),
(292, '1983-05-21', 292, 1),
(293, '1988-04-14', 293, 1),
(294, '1976-12-30', 294, 1),
(295, '2009-01-07', 295, 1),
(296, '2017-08-17', 296, 1),
(297, '1974-10-06', 297, 1),
(298, '2009-07-13', 298, 1),
(299, '1995-02-18', 299, 1),
(300, '2019-02-22', 300, 1),
(301, '1995-11-24', 301, 1),
(302, '1982-12-26', 302, 1),
(303, '1980-01-24', 303, 1),
(304, '2006-01-22', 304, 1),
(305, '1990-09-21', 305, 1),
(306, '1993-02-06', 306, 1),
(307, '1993-09-13', 307, 1),
(308, '1995-08-15', 308, 1),
(309, '2017-01-15', 309, 1),
(310, '2001-09-03', 310, 1),
(311, '1993-01-04', 311, 1),
(312, '1996-04-03', 312, 1),
(313, '2011-05-13', 313, 1),
(314, '1982-05-20', 314, 1),
(315, '1994-11-12', 315, 1),
(316, '1985-08-10', 316, 1),
(317, '1974-04-13', 317, 1),
(318, '2000-01-13', 318, 1),
(319, '2015-07-03', 319, 1),
(320, '1985-10-09', 320, 1),
(321, '2001-02-20', 321, 1),
(322, '2008-03-09', 322, 1),
(323, '2017-10-22', 323, 1),
(324, '1999-05-20', 324, 1),
(325, '1970-02-25', 325, 1),
(326, '2022-07-07', 326, 1),
(327, '2010-07-08', 327, 1),
(328, '2001-05-12', 328, 1),
(329, '1980-12-31', 329, 1),
(330, '1990-01-20', 330, 1),
(331, '1979-10-06', 331, 1),
(332, '2014-04-21', 332, 1),
(333, '1999-03-10', 333, 1),
(334, '2004-08-27', 334, 1),
(335, '2016-10-13', 335, 1),
(336, '2014-07-09', 336, 1),
(337, '2002-04-29', 337, 1),
(338, '2009-03-10', 338, 1),
(339, '2000-07-25', 339, 1),
(340, '2010-06-03', 340, 1),
(341, '2022-08-02', 341, 1),
(342, '2009-02-25', 342, 1),
(343, '2007-05-05', 343, 1),
(344, '2019-02-11', 344, 1),
(345, '1974-12-16', 345, 1),
(346, '2014-03-31', 346, 1),
(347, '1996-09-03', 347, 1),
(348, '1998-05-07', 348, 1),
(349, '1999-07-19', 349, 1),
(350, '2020-07-01', 350, 1),
(351, '1973-04-06', 351, 1),
(352, '2007-01-15', 352, 1),
(353, '1978-01-01', 353, 1),
(354, '1987-12-17', 354, 1),
(355, '1979-08-04', 355, 1),
(356, '1999-04-09', 356, 1),
(357, '2012-02-12', 357, 1),
(358, '1983-12-18', 358, 1),
(359, '2008-11-26', 359, 1),
(360, '1973-07-09', 360, 1),
(361, '2006-06-15', 361, 1),
(362, '1993-11-01', 362, 1),
(363, '1999-11-07', 363, 1),
(364, '2017-02-24', 364, 1),
(365, '1978-11-28', 365, 1),
(366, '2001-05-02', 366, 1),
(367, '1997-04-21', 367, 1),
(368, '2020-03-30', 368, 1),
(369, '1972-10-23', 369, 1),
(370, '1992-06-29', 370, 1),
(371, '1973-12-01', 371, 1),
(372, '2015-10-13', 372, 1),
(373, '1998-01-01', 373, 1),
(374, '2023-09-04', 374, 1),
(375, '2018-07-19', 375, 1),
(376, '2005-10-28', 376, 1),
(377, '1970-02-16', 377, 1),
(378, '1975-04-03', 378, 1),
(379, '2020-03-02', 379, 1),
(380, '2019-12-18', 380, 1),
(381, '2004-02-05', 381, 1),
(382, '2019-07-16', 382, 1),
(383, '2007-12-15', 383, 1),
(384, '2016-11-16', 384, 1),
(385, '1981-09-04', 385, 1),
(386, '1979-11-26', 386, 1),
(387, '2021-01-18', 387, 1),
(388, '1979-11-01', 388, 1),
(389, '2020-11-22', 389, 1),
(390, '1980-05-29', 390, 1),
(391, '2007-02-05', 391, 1),
(392, '1970-03-03', 392, 1),
(393, '1970-04-17', 393, 1),
(394, '2014-12-04', 394, 1),
(395, '2003-06-07', 395, 1),
(396, '2025-01-05', 396, 1),
(397, '1972-03-26', 397, 1),
(398, '2003-12-20', 398, 1),
(399, '1983-12-12', 399, 1),
(400, '2019-10-23', 400, 1),
(401, '1975-02-27', 401, 1),
(402, '1986-05-15', 402, 1),
(403, '2005-10-18', 403, 1),
(404, '1997-05-30', 404, 1),
(405, '2018-04-28', 405, 1),
(406, '1990-06-22', 406, 1),
(407, '1997-11-20', 407, 1),
(408, '2022-09-11', 408, 1),
(409, '2011-10-13', 409, 1),
(410, '1978-11-28', 410, 1),
(411, '2007-05-02', 411, 1),
(412, '1990-06-04', 412, 1),
(413, '2006-07-16', 413, 1),
(414, '1978-05-10', 414, 1),
(415, '1983-02-22', 415, 1),
(416, '1986-03-14', 416, 1),
(417, '2022-04-08', 417, 1),
(418, '1994-05-27', 418, 1),
(419, '1988-11-08', 419, 1),
(420, '1998-08-27', 420, 1),
(421, '1983-08-02', 421, 1),
(422, '2023-08-06', 422, 1),
(423, '2014-11-01', 423, 1),
(424, '1997-04-18', 424, 1),
(425, '2018-02-26', 425, 1),
(426, '1993-03-03', 426, 1),
(427, '1978-05-20', 427, 1),
(428, '2004-01-29', 428, 1),
(429, '1991-01-18', 429, 1),
(430, '2000-02-01', 430, 1),
(431, '1996-11-25', 431, 1),
(432, '2015-06-12', 432, 1),
(433, '1975-05-10', 433, 1),
(434, '1974-04-29', 434, 1),
(435, '1996-09-11', 435, 1),
(436, '1994-06-01', 436, 1),
(437, '2023-05-09', 437, 1),
(438, '2008-07-07', 438, 1),
(439, '2020-06-30', 439, 1),
(440, '1996-09-23', 440, 1),
(441, '2013-08-18', 441, 1),
(442, '2011-04-13', 442, 1),
(443, '2009-12-10', 443, 1),
(444, '2009-10-07', 444, 1),
(445, '2011-02-27', 445, 1),
(446, '2005-02-05', 446, 1),
(447, '1992-05-18', 447, 1),
(448, '1977-10-15', 448, 1),
(449, '2010-12-28', 449, 1),
(450, '1999-07-28', 450, 1),
(451, '2008-04-06', 451, 1),
(452, '1998-12-24', 452, 1),
(453, '1979-09-26', 453, 1),
(454, '1993-01-06', 454, 1),
(455, '2007-08-31', 455, 1),
(456, '2014-07-13', 456, 1),
(457, '2020-11-20', 457, 1),
(458, '1999-11-19', 458, 1),
(459, '2005-09-03', 459, 1),
(460, '1990-09-19', 460, 1),
(461, '2000-06-26', 461, 1),
(462, '1972-10-09', 462, 1),
(463, '1976-12-02', 463, 1),
(464, '1985-09-16', 464, 1),
(465, '1998-02-16', 465, 1),
(466, '1984-10-07', 466, 1),
(467, '1998-02-17', 467, 1),
(468, '1995-05-20', 468, 1),
(469, '2009-06-13', 469, 1),
(470, '1987-02-10', 470, 1),
(471, '2005-06-06', 471, 1),
(472, '2019-02-23', 472, 1),
(473, '2024-07-17', 473, 1),
(474, '1976-04-04', 474, 1),
(475, '2023-12-11', 475, 1),
(476, '2021-10-02', 476, 1),
(477, '1990-12-24', 477, 1),
(478, '2007-01-28', 478, 1),
(479, '1995-05-12', 479, 1),
(480, '1976-01-30', 480, 1),
(481, '2008-04-28', 481, 1),
(482, '2014-09-21', 482, 1),
(483, '1989-10-06', 483, 1),
(484, '2024-09-02', 484, 1),
(485, '2007-03-27', 485, 1),
(486, '2001-10-02', 486, 1),
(487, '2010-03-17', 487, 1),
(488, '2018-05-05', 488, 1),
(489, '1970-06-22', 489, 1),
(490, '1995-01-25', 490, 1),
(491, '2004-06-02', 491, 1),
(492, '1975-08-17', 492, 1),
(493, '2017-12-27', 493, 1),
(494, '2019-03-10', 494, 1),
(495, '2012-04-22', 495, 1),
(496, '1976-01-03', 496, 1),
(497, '1976-10-07', 497, 1),
(498, '2024-05-21', 498, 1),
(499, '1985-09-16', 499, 1),
(500, '1985-03-04', 500, 1),
(501, '1974-09-13', 501, 1),
(502, '1989-03-06', 502, 1),
(503, '2024-07-07', 503, 1),
(504, '2018-05-02', 504, 1),
(505, '1979-05-18', 505, 1),
(506, '1981-03-20', 506, 1),
(507, '1974-03-13', 507, 1),
(508, '2007-07-03', 508, 1),
(509, '1981-06-04', 509, 1),
(510, '1998-07-30', 510, 1),
(511, '1972-04-20', 511, 1),
(512, '1998-08-31', 512, 1);

COMMIT;

