
-- 3074 rows

BEGIN;

INSERT INTO classes (class_id, name) VALUES
(1, 'Class 1'),
(2, 'Class 2'),
(3, 'Class 3'),
(4, 'Class 4'),
(5, 'Class 5'),
(6, 'Class 6'),
(7, 'Class 7'),
(8, 'Class 8'),
(9, 'Class 9'),
(10, 'Class 10'),
(11, 'Class 11'),
(12, 'Class 12'),
(13, 'Class 13'),
(14, 'Class 14'),
(15, 'Class 15'),
(16, 'Class 16'),
(17, 'Class 17'),
(18, 'Class 18'),
(19, 'Class 19'),
(20, 'Class 20'),
(21, 'Class 21'),
(22, 'Class 22'),
(23, 'Class 23'),
(24, 'Class 24'),
(25, 'Class 25'),
(26, 'Class 26'),
(27, 'Class 27'),
(28, 'Class 28'),
(29, 'Class 29'),
(30, 'Class 30'),
(31, 'Class 31'),
(32, 'Class 32'),
(33, 'Class 33'),
(34, 'Class 34'),
(35, 'Class 35'),
(36, 'Class 36'),
(37, 'Class 37'),
(38, 'Class 38'),
(39, 'Class 39'),
(40, 'Class 40'),
(41, 'Class 41'),
(42, 'Class 42'),
(43, 'Class 43'),
(44, 'Class 44'),
(45, 'Class 45'),
(46, 'Class 46'),
(47, 'Class 47'),
(48, 'Class 48'),
(49, 'Class 49'),
(50, 'Class 50'),
(51, 'Class 51'),
(52, 'Class 52'),
(53, 'Class 53'),
(54, 'Class 54'),
(55, 'Class 55'),
(56, 'Class 56'),
(57, 'Class 57'),
(58, 'Class 58'),
(59, 'Class 59'),
(60, 'Class 60'),
(61, 'Class 61'),
(62, 'Class 62'),
(63, 'Class 63'),
(64, 'Class 64'),
(65, 'Class 65'),
(66, 'Class 66'),
(67, 'Class 67'),
(68, 'Class 68'),
(69, 'Class 69'),
(70, 'Class 70'),
(71, 'Class 71'),
(72, 'Class 72'),
(73, 'Class 73'),
(74, 'Class 74'),
(75, 'Class 75'),
(76, 'Class 76'),
(77, 'Class 77'),
(78, 'Class 78'),
(79, 'Class 79'),
(80, 'Class 80'),
(81, 'Class 81'),
(82, 'Class 82'),
(83, 'Class 83'),
(84, 'Class 84'),
(85, 'Class 85'),
(86, 'Class 86'),
(87, 'Class 87'),
(88, 'Class 88'),
(89, 'Class 89'),
(90, 'Class 90'),
(91, 'Class 91'),
(92, 'Class 92'),
(93, 'Class 93'),
(94, 'Class 94'),
(95, 'Class 95'),
(96, 'Class 96'),
(97, 'Class 97'),
(98, 'Class 98'),
(99, 'Class 99'),
(100, 'Class 100'),
(101, 'Class 101'),
(102, 'Class 102'),
(103, 'Class 103'),
(104, 'Class 104'),
(105, 'Class 105'),
(106, 'Class 106'),
(107, 'Class 107'),
(108, 'Class 108'),
(109, 'Class 109'),
(110, 'Class 110'),
(111, 'Class 111'),
(112, 'Class 112'),
(113, 'Class 113'),
(114, 'Class 114'),
(115, 'Class 115'),
(116, 'Class 116'),
(117, 'Class 117'),
(118, 'Class 118'),
(119, 'Class 119'),
(120, 'Class 120'),
(121, 'Class 121'),
(122, 'Class 122'),
(123, 'Class 123'),
(124, 'Class 124'),
(125, 'Class 125'),
(126, 'Class 126'),
(127, 'Class 127'),
(128, 'Class 128'),
(129, 'Class 129'),
(130, 'Class 130'),
(131, 'Class 131'),
(132, 'Class 132'),
(133, 'Class 133'),
(134, 'Class 134'),
(135, 'Class 135'),
(136, 'Class 136'),
(137, 'Class 137'),
(138, 'Class 138'),
(139, 'Class 139'),
(140, 'Class 140'),
(141, 'Class 141'),
(142, 'Class 142'),
(143, 'Class 143'),
(144, 'Class 144'),
(145, 'Class 145'),
(146, 'Class 146'),
(147, 'Class 147'),
(148, 'Class 148'),
(149, 'Class 149'),
(150, 'Class 150'),
(151, 'Class 151'),
(152, 'Class 152'),
(153, 'Class 153'),
(154, 'Class 154'),
(155, 'Class 155'),
(156, 'Class 156'),
(157, 'Class 157'),
(158, 'Class 158'),
(159, 'Class 159'),
(160, 'Class 160'),
(161, 'Class 161'),
(162, 'Class 162'),
(163, 'Class 163'),
(164, 'Class 164'),
(165, 'Class 165'),
(166, 'Class 166'),
(167, 'Class 167'),
(168, 'Class 168'),
(169, 'Class 169'),
(170, 'Class 170'),
(171, 'Class 171'),
(172, 'Class 172'),
(173, 'Class 173'),
(174, 'Class 174'),
(175, 'Class 175'),
(176, 'Class 176'),
(177, 'Class 177'),
(178, 'Class 178'),
(179, 'Class 179'),
(180, 'Class 180'),
(181, 'Class 181'),
(182, 'Class 182'),
(183, 'Class 183'),
(184, 'Class 184'),
(185, 'Class 185'),
(186, 'Class 186'),
(187, 'Class 187'),
(188, 'Class 188'),
(189, 'Class 189'),
(190, 'Class 190'),
(191, 'Class 191'),
(192, 'Class 192'),
(193, 'Class 193'),
(194, 'Class 194'),
(195, 'Class 195'),
(196, 'Class 196'),
(197, 'Class 197'),
(198, 'Class 198'),
(199, 'Class 199'),
(200, 'Class 200'),
(201, 'Class 201'),
(202, 'Class 202'),
(203, 'Class 203'),
(204, 'Class 204'),
(205, 'Class 205'),
(206, 'Class 206'),
(207, 'Class 207'),
(208, 'Class 208'),
(209, 'Class 209'),
(210, 'Class 210'),
(211, 'Class 211'),
(212, 'Class 212'),
(213, 'Class 213'),
(214, 'Class 214'),
(215, 'Class 215'),
(216, 'Class 216'),
(217, 'Class 217'),
(218, 'Class 218'),
(219, 'Class 219'),
(220, 'Class 220'),
(221, 'Class 221'),
(222, 'Class 222'),
(223, 'Class 223'),
(224, 'Class 224'),
(225, 'Class 225'),
(226, 'Class 226'),
(227, 'Class 227'),
(228, 'Class 228'),
(229, 'Class 229'),
(230, 'Class 230'),
(231, 'Class 231'),
(232, 'Class 232'),
(233, 'Class 233'),
(234, 'Class 234'),
(235, 'Class 235'),
(236, 'Class 236'),
(237, 'Class 237'),
(238, 'Class 238'),
(239, 'Class 239'),
(240, 'Class 240'),
(241, 'Class 241'),
(242, 'Class 242'),
(243, 'Class 243'),
(244, 'Class 244'),
(245, 'Class 245'),
(246, 'Class 246'),
(247, 'Class 247'),
(248, 'Class 248'),
(249, 'Class 249'),
(250, 'Class 250'),
(251, 'Class 251'),
(252, 'Class 252'),
(253, 'Class 253'),
(254, 'Class 254'),
(255, 'Class 255'),
(256, 'Class 256'),
(257, 'Class 257'),
(258, 'Class 258'),
(259, 'Class 259'),
(260, 'Class 260'),
(261, 'Class 261'),
(262, 'Class 262'),
(263, 'Class 263'),
(264, 'Class 264'),
(265, 'Class 265'),
(266, 'Class 266'),
(267, 'Class 267'),
(268, 'Class 268'),
(269, 'Class 269'),
(270, 'Class 270'),
(271, 'Class 271'),
(272, 'Class 272'),
(273, 'Class 273'),
(274, 'Class 274'),
(275, 'Class 275'),
(276, 'Class 276'),
(277, 'Class 277'),
(278, 'Class 278'),
(279, 'Class 279'),
(280, 'Class 280'),
(281, 'Class 281'),
(282, 'Class 282'),
(283, 'Class 283'),
(284, 'Class 284'),
(285, 'Class 285'),
(286, 'Class 286'),
(287, 'Class 287'),
(288, 'Class 288'),
(289, 'Class 289'),
(290, 'Class 290'),
(291, 'Class 291'),
(292, 'Class 292'),
(293, 'Class 293'),
(294, 'Class 294'),
(295, 'Class 295'),
(296, 'Class 296'),
(297, 'Class 297'),
(298, 'Class 298'),
(299, 'Class 299'),
(300, 'Class 300'),
(301, 'Class 301'),
(302, 'Class 302'),
(303, 'Class 303'),
(304, 'Class 304'),
(305, 'Class 305'),
(306, 'Class 306'),
(307, 'Class 307'),
(308, 'Class 308'),
(309, 'Class 309'),
(310, 'Class 310'),
(311, 'Class 311'),
(312, 'Class 312'),
(313, 'Class 313'),
(314, 'Class 314'),
(315, 'Class 315'),
(316, 'Class 316'),
(317, 'Class 317'),
(318, 'Class 318'),
(319, 'Class 319'),
(320, 'Class 320'),
(321, 'Class 321'),
(322, 'Class 322'),
(323, 'Class 323'),
(324, 'Class 324'),
(325, 'Class 325'),
(326, 'Class 326'),
(327, 'Class 327'),
(328, 'Class 328'),
(329, 'Class 329'),
(330, 'Class 330'),
(331, 'Class 331'),
(332, 'Class 332'),
(333, 'Class 333'),
(334, 'Class 334'),
(335, 'Class 335'),
(336, 'Class 336'),
(337, 'Class 337'),
(338, 'Class 338'),
(339, 'Class 339'),
(340, 'Class 340'),
(341, 'Class 341'),
(342, 'Class 342'),
(343, 'Class 343'),
(344, 'Class 344'),
(345, 'Class 345'),
(346, 'Class 346'),
(347, 'Class 347'),
(348, 'Class 348'),
(349, 'Class 349'),
(350, 'Class 350'),
(351, 'Class 351'),
(352, 'Class 352'),
(353, 'Class 353'),
(354, 'Class 354'),
(355, 'Class 355'),
(356, 'Class 356'),
(357, 'Class 357'),
(358, 'Class 358'),
(359, 'Class 359'),
(360, 'Class 360'),
(361, 'Class 361'),
(362, 'Class 362'),
(363, 'Class 363'),
(364, 'Class 364'),
(365, 'Class 365'),
(366, 'Class 366'),
(367, 'Class 367'),
(368, 'Class 368'),
(369, 'Class 369'),
(370, 'Class 370'),
(371, 'Class 371'),
(372, 'Class 372'),
(373, 'Class 373'),
(374, 'Class 374'),
(375, 'Class 375'),
(376, 'Class 376'),
(377, 'Class 377'),
(378, 'Class 378'),
(379, 'Class 379'),
(380, 'Class 380'),
(381, 'Class 381'),
(382, 'Class 382'),
(383, 'Class 383'),
(384, 'Class 384'),
(385, 'Class 385'),
(386, 'Class 386'),
(387, 'Class 387'),
(388, 'Class 388'),
(389, 'Class 389'),
(390, 'Class 390'),
(391, 'Class 391'),
(392, 'Class 392'),
(393, 'Class 393'),
(394, 'Class 394'),
(395, 'Class 395'),
(396, 'Class 396'),
(397, 'Class 397'),
(398, 'Class 398'),
(399, 'Class 399'),
(400, 'Class 400'),
(401, 'Class 401'),
(402, 'Class 402'),
(403, 'Class 403'),
(404, 'Class 404'),
(405, 'Class 405'),
(406, 'Class 406'),
(407, 'Class 407'),
(408, 'Class 408'),
(409, 'Class 409'),
(410, 'Class 410'),
(411, 'Class 411'),
(412, 'Class 412'),
(413, 'Class 413'),
(414, 'Class 414'),
(415, 'Class 415'),
(416, 'Class 416'),
(417, 'Class 417'),
(418, 'Class 418'),
(419, 'Class 419'),
(420, 'Class 420'),
(421, 'Class 421'),
(422, 'Class 422'),
(423, 'Class 423'),
(424, 'Class 424'),
(425, 'Class 425'),
(426, 'Class 426'),
(427, 'Class 427'),
(428, 'Class 428'),
(429, 'Class 429'),
(430, 'Class 430'),
(431, 'Class 431'),
(432, 'Class 432'),
(433, 'Class 433'),
(434, 'Class 434'),
(435, 'Class 435'),
(436, 'Class 436'),
(437, 'Class 437'),
(438, 'Class 438'),
(439, 'Class 439'),
(440, 'Class 440'),
(441, 'Class 441'),
(442, 'Class 442'),
(443, 'Class 443'),
(444, 'Class 444'),
(445, 'Class 445'),
(446, 'Class 446'),
(447, 'Class 447'),
(448, 'Class 448'),
(449, 'Class 449'),
(450, 'Class 450'),
(451, 'Class 451'),
(452, 'Class 452'),
(453, 'Class 453'),
(454, 'Class 454'),
(455, 'Class 455'),
(456, 'Class 456'),
(457, 'Class 457'),
(458, 'Class 458'),
(459, 'Class 459'),
(460, 'Class 460'),
(461, 'Class 461'),
(462, 'Class 462'),
(463, 'Class 463'),
(464, 'Class 464'),
(465, 'Class 465'),
(466, 'Class 466'),
(467, 'Class 467'),
(468, 'Class 468'),
(469, 'Class 469'),
(470, 'Class 470'),
(471, 'Class 471'),
(472, 'Class 472'),
(473, 'Class 473'),
(474, 'Class 474'),
(475, 'Class 475'),
(476, 'Class 476'),
(477, 'Class 477'),
(478, 'Class 478'),
(479, 'Class 479'),
(480, 'Class 480'),
(481, 'Class 481'),
(482, 'Class 482'),
(483, 'Class 483'),
(484, 'Class 484'),
(485, 'Class 485'),
(486, 'Class 486'),
(487, 'Class 487'),
(488, 'Class 488'),
(489, 'Class 489'),
(490, 'Class 490'),
(491, 'Class 491'),
(492, 'Class 492'),
(493, 'Class 493'),
(494, 'Class 494'),
(495, 'Class 495'),
(496, 'Class 496'),
(497, 'Class 497'),
(498, 'Class 498'),
(499, 'Class 499'),
(500, 'Class 500'),
(501, 'Class 501'),
(502, 'Class 502'),
(503, 'Class 503'),
(504, 'Class 504'),
(505, 'Class 505'),
(506, 'Class 506'),
(507, 'Class 507'),
(508, 'Class 508'),
(509, 'Class 509'),
(510, 'Class 510'),
(511, 'Class 511'),
(512, 'Class 512'),
(513, 'Class 513'),
(514, 'Class 514'),
(515, 'Class 515'),
(516, 'Class 516'),
(517, 'Class 517'),
(518, 'Class 518'),
(519, 'Class 519'),
(520, 'Class 520'),
(521, 'Class 521'),
(522, 'Class 522'),
(523, 'Class 523'),
(524, 'Class 524'),
(525, 'Class 525'),
(526, 'Class 526'),
(527, 'Class 527'),
(528, 'Class 528'),
(529, 'Class 529'),
(530, 'Class 530'),
(531, 'Class 531'),
(532, 'Class 532'),
(533, 'Class 533'),
(534, 'Class 534'),
(535, 'Class 535'),
(536, 'Class 536'),
(537, 'Class 537'),
(538, 'Class 538'),
(539, 'Class 539'),
(540, 'Class 540'),
(541, 'Class 541'),
(542, 'Class 542'),
(543, 'Class 543'),
(544, 'Class 544'),
(545, 'Class 545'),
(546, 'Class 546'),
(547, 'Class 547'),
(548, 'Class 548'),
(549, 'Class 549'),
(550, 'Class 550'),
(551, 'Class 551'),
(552, 'Class 552'),
(553, 'Class 553'),
(554, 'Class 554'),
(555, 'Class 555'),
(556, 'Class 556'),
(557, 'Class 557'),
(558, 'Class 558'),
(559, 'Class 559'),
(560, 'Class 560'),
(561, 'Class 561'),
(562, 'Class 562'),
(563, 'Class 563'),
(564, 'Class 564'),
(565, 'Class 565'),
(566, 'Class 566'),
(567, 'Class 567'),
(568, 'Class 568'),
(569, 'Class 569'),
(570, 'Class 570'),
(571, 'Class 571'),
(572, 'Class 572'),
(573, 'Class 573'),
(574, 'Class 574'),
(575, 'Class 575'),
(576, 'Class 576'),
(577, 'Class 577'),
(578, 'Class 578'),
(579, 'Class 579'),
(580, 'Class 580'),
(581, 'Class 581'),
(582, 'Class 582'),
(583, 'Class 583'),
(584, 'Class 584'),
(585, 'Class 585'),
(586, 'Class 586'),
(587, 'Class 587'),
(588, 'Class 588'),
(589, 'Class 589'),
(590, 'Class 590'),
(591, 'Class 591'),
(592, 'Class 592'),
(593, 'Class 593'),
(594, 'Class 594'),
(595, 'Class 595'),
(596, 'Class 596'),
(597, 'Class 597'),
(598, 'Class 598'),
(599, 'Class 599'),
(600, 'Class 600'),
(601, 'Class 601'),
(602, 'Class 602'),
(603, 'Class 603'),
(604, 'Class 604'),
(605, 'Class 605'),
(606, 'Class 606'),
(607, 'Class 607'),
(608, 'Class 608'),
(609, 'Class 609'),
(610, 'Class 610'),
(611, 'Class 611'),
(612, 'Class 612'),
(613, 'Class 613'),
(614, 'Class 614'),
(615, 'Class 615'),
(616, 'Class 616'),
(617, 'Class 617'),
(618, 'Class 618'),
(619, 'Class 619'),
(620, 'Class 620'),
(621, 'Class 621'),
(622, 'Class 622'),
(623, 'Class 623'),
(624, 'Class 624'),
(625, 'Class 625'),
(626, 'Class 626'),
(627, 'Class 627'),
(628, 'Class 628'),
(629, 'Class 629'),
(630, 'Class 630'),
(631, 'Class 631'),
(632, 'Class 632'),
(633, 'Class 633'),
(634, 'Class 634'),
(635, 'Class 635'),
(636, 'Class 636'),
(637, 'Class 637'),
(638, 'Class 638'),
(639, 'Class 639'),
(640, 'Class 640'),
(641, 'Class 641'),
(642, 'Class 642'),
(643, 'Class 643'),
(644, 'Class 644'),
(645, 'Class 645'),
(646, 'Class 646'),
(647, 'Class 647'),
(648, 'Class 648'),
(649, 'Class 649'),
(650, 'Class 650'),
(651, 'Class 651'),
(652, 'Class 652'),
(653, 'Class 653'),
(654, 'Class 654'),
(655, 'Class 655'),
(656, 'Class 656'),
(657, 'Class 657'),
(658, 'Class 658'),
(659, 'Class 659'),
(660, 'Class 660'),
(661, 'Class 661'),
(662, 'Class 662'),
(663, 'Class 663'),
(664, 'Class 664'),
(665, 'Class 665'),
(666, 'Class 666'),
(667, 'Class 667'),
(668, 'Class 668'),
(669, 'Class 669'),
(670, 'Class 670'),
(671, 'Class 671'),
(672, 'Class 672'),
(673, 'Class 673'),
(674, 'Class 674'),
(675, 'Class 675'),
(676, 'Class 676'),
(677, 'Class 677'),
(678, 'Class 678'),
(679, 'Class 679'),
(680, 'Class 680'),
(681, 'Class 681'),
(682, 'Class 682'),
(683, 'Class 683'),
(684, 'Class 684'),
(685, 'Class 685'),
(686, 'Class 686'),
(687, 'Class 687'),
(688, 'Class 688'),
(689, 'Class 689'),
(690, 'Class 690'),
(691, 'Class 691'),
(692, 'Class 692'),
(693, 'Class 693'),
(694, 'Class 694'),
(695, 'Class 695'),
(696, 'Class 696'),
(697, 'Class 697'),
(698, 'Class 698'),
(699, 'Class 699'),
(700, 'Class 700'),
(701, 'Class 701'),
(702, 'Class 702'),
(703, 'Class 703'),
(704, 'Class 704'),
(705, 'Class 705'),
(706, 'Class 706'),
(707, 'Class 707'),
(708, 'Class 708'),
(709, 'Class 709'),
(710, 'Class 710'),
(711, 'Class 711'),
(712, 'Class 712'),
(713, 'Class 713'),
(714, 'Class 714'),
(715, 'Class 715'),
(716, 'Class 716'),
(717, 'Class 717'),
(718, 'Class 718'),
(719, 'Class 719'),
(720, 'Class 720'),
(721, 'Class 721'),
(722, 'Class 722'),
(723, 'Class 723'),
(724, 'Class 724'),
(725, 'Class 725'),
(726, 'Class 726'),
(727, 'Class 727'),
(728, 'Class 728'),
(729, 'Class 729'),
(730, 'Class 730'),
(731, 'Class 731'),
(732, 'Class 732'),
(733, 'Class 733'),
(734, 'Class 734'),
(735, 'Class 735'),
(736, 'Class 736'),
(737, 'Class 737'),
(738, 'Class 738'),
(739, 'Class 739'),
(740, 'Class 740'),
(741, 'Class 741'),
(742, 'Class 742'),
(743, 'Class 743'),
(744, 'Class 744'),
(745, 'Class 745'),
(746, 'Class 746'),
(747, 'Class 747'),
(748, 'Class 748'),
(749, 'Class 749'),
(750, 'Class 750'),
(751, 'Class 751'),
(752, 'Class 752'),
(753, 'Class 753'),
(754, 'Class 754'),
(755, 'Class 755'),
(756, 'Class 756'),
(757, 'Class 757'),
(758, 'Class 758'),
(759, 'Class 759'),
(760, 'Class 760'),
(761, 'Class 761'),
(762, 'Class 762'),
(763, 'Class 763'),
(764, 'Class 764'),
(765, 'Class 765'),
(766, 'Class 766'),
(767, 'Class 767'),
(768, 'Class 768'),
(769, 'Class 769'),
(770, 'Class 770'),
(771, 'Class 771'),
(772, 'Class 772'),
(773, 'Class 773'),
(774, 'Class 774'),
(775, 'Class 775'),
(776, 'Class 776'),
(777, 'Class 777'),
(778, 'Class 778'),
(779, 'Class 779'),
(780, 'Class 780'),
(781, 'Class 781'),
(782, 'Class 782'),
(783, 'Class 783'),
(784, 'Class 784'),
(785, 'Class 785'),
(786, 'Class 786'),
(787, 'Class 787'),
(788, 'Class 788'),
(789, 'Class 789'),
(790, 'Class 790'),
(791, 'Class 791'),
(792, 'Class 792'),
(793, 'Class 793'),
(794, 'Class 794'),
(795, 'Class 795'),
(796, 'Class 796'),
(797, 'Class 797'),
(798, 'Class 798'),
(799, 'Class 799'),
(800, 'Class 800'),
(801, 'Class 801'),
(802, 'Class 802'),
(803, 'Class 803'),
(804, 'Class 804'),
(805, 'Class 805'),
(806, 'Class 806'),
(807, 'Class 807'),
(808, 'Class 808'),
(809, 'Class 809'),
(810, 'Class 810'),
(811, 'Class 811'),
(812, 'Class 812'),
(813, 'Class 813'),
(814, 'Class 814'),
(815, 'Class 815'),
(816, 'Class 816'),
(817, 'Class 817'),
(818, 'Class 818'),
(819, 'Class 819'),
(820, 'Class 820'),
(821, 'Class 821'),
(822, 'Class 822'),
(823, 'Class 823'),
(824, 'Class 824'),
(825, 'Class 825'),
(826, 'Class 826'),
(827, 'Class 827'),
(828, 'Class 828'),
(829, 'Class 829'),
(830, 'Class 830'),
(831, 'Class 831'),
(832, 'Class 832'),
(833, 'Class 833'),
(834, 'Class 834'),
(835, 'Class 835'),
(836, 'Class 836'),
(837, 'Class 837'),
(838, 'Class 838'),
(839, 'Class 839'),
(840, 'Class 840'),
(841, 'Class 841'),
(842, 'Class 842'),
(843, 'Class 843'),
(844, 'Class 844'),
(845, 'Class 845'),
(846, 'Class 846'),
(847, 'Class 847'),
(848, 'Class 848'),
(849, 'Class 849'),
(850, 'Class 850'),
(851, 'Class 851'),
(852, 'Class 852'),
(853, 'Class 853'),
(854, 'Class 854'),
(855, 'Class 855'),
(856, 'Class 856'),
(857, 'Class 857'),
(858, 'Class 858'),
(859, 'Class 859'),
(860, 'Class 860'),
(861, 'Class 861'),
(862, 'Class 862'),
(863, 'Class 863'),
(864, 'Class 864'),
(865, 'Class 865'),
(866, 'Class 866'),
(867, 'Class 867'),
(868, 'Class 868'),
(869, 'Class 869'),
(870, 'Class 870'),
(871, 'Class 871'),
(872, 'Class 872'),
(873, 'Class 873'),
(874, 'Class 874'),
(875, 'Class 875'),
(876, 'Class 876'),
(877, 'Class 877'),
(878, 'Class 878'),
(879, 'Class 879'),
(880, 'Class 880'),
(881, 'Class 881'),
(882, 'Class 882'),
(883, 'Class 883'),
(884, 'Class 884'),
(885, 'Class 885'),
(886, 'Class 886'),
(887, 'Class 887'),
(888, 'Class 888'),
(889, 'Class 889'),
(890, 'Class 890'),
(891, 'Class 891'),
(892, 'Class 892'),
(893, 'Class 893'),
(894, 'Class 894'),
(895, 'Class 895'),
(896, 'Class 896'),
(897, 'Class 897'),
(898, 'Class 898'),
(899, 'Class 899'),
(900, 'Class 900'),
(901, 'Class 901'),
(902, 'Class 902'),
(903, 'Class 903'),
(904, 'Class 904'),
(905, 'Class 905'),
(906, 'Class 906'),
(907, 'Class 907'),
(908, 'Class 908'),
(909, 'Class 909'),
(910, 'Class 910'),
(911, 'Class 911'),
(912, 'Class 912'),
(913, 'Class 913'),
(914, 'Class 914'),
(915, 'Class 915'),
(916, 'Class 916'),
(917, 'Class 917'),
(918, 'Class 918'),
(919, 'Class 919'),
(920, 'Class 920'),
(921, 'Class 921'),
(922, 'Class 922'),
(923, 'Class 923'),
(924, 'Class 924'),
(925, 'Class 925'),
(926, 'Class 926'),
(927, 'Class 927'),
(928, 'Class 928'),
(929, 'Class 929'),
(930, 'Class 930'),
(931, 'Class 931'),
(932, 'Class 932'),
(933, 'Class 933'),
(934, 'Class 934'),
(935, 'Class 935'),
(936, 'Class 936'),
(937, 'Class 937'),
(938, 'Class 938'),
(939, 'Class 939'),
(940, 'Class 940'),
(941, 'Class 941'),
(942, 'Class 942'),
(943, 'Class 943'),
(944, 'Class 944'),
(945, 'Class 945'),
(946, 'Class 946'),
(947, 'Class 947'),
(948, 'Class 948'),
(949, 'Class 949'),
(950, 'Class 950'),
(951, 'Class 951'),
(952, 'Class 952'),
(953, 'Class 953'),
(954, 'Class 954'),
(955, 'Class 955'),
(956, 'Class 956'),
(957, 'Class 957'),
(958, 'Class 958'),
(959, 'Class 959'),
(960, 'Class 960'),
(961, 'Class 961'),
(962, 'Class 962'),
(963, 'Class 963'),
(964, 'Class 964'),
(965, 'Class 965'),
(966, 'Class 966'),
(967, 'Class 967'),
(968, 'Class 968'),
(969, 'Class 969'),
(970, 'Class 970'),
(971, 'Class 971'),
(972, 'Class 972'),
(973, 'Class 973'),
(974, 'Class 974'),
(975, 'Class 975'),
(976, 'Class 976'),
(977, 'Class 977'),
(978, 'Class 978'),
(979, 'Class 979'),
(980, 'Class 980'),
(981, 'Class 981'),
(982, 'Class 982'),
(983, 'Class 983'),
(984, 'Class 984'),
(985, 'Class 985'),
(986, 'Class 986'),
(987, 'Class 987'),
(988, 'Class 988'),
(989, 'Class 989'),
(990, 'Class 990'),
(991, 'Class 991'),
(992, 'Class 992'),
(993, 'Class 993'),
(994, 'Class 994'),
(995, 'Class 995'),
(996, 'Class 996'),
(997, 'Class 997'),
(998, 'Class 998'),
(999, 'Class 999'),
(1000, 'Class 1000'),
(1001, 'Class 1001'),
(1002, 'Class 1002'),
(1003, 'Class 1003'),
(1004, 'Class 1004'),
(1005, 'Class 1005'),
(1006, 'Class 1006'),
(1007, 'Class 1007'),
(1008, 'Class 1008'),
(1009, 'Class 1009'),
(1010, 'Class 1010'),
(1011, 'Class 1011'),
(1012, 'Class 1012'),
(1013, 'Class 1013'),
(1014, 'Class 1014'),
(1015, 'Class 1015'),
(1016, 'Class 1016'),
(1017, 'Class 1017'),
(1018, 'Class 1018'),
(1019, 'Class 1019'),
(1020, 'Class 1020'),
(1021, 'Class 1021'),
(1022, 'Class 1022'),
(1023, 'Class 1023'),
(1024, 'Class 1024');

INSERT INTO subjects (subject_id, name) VALUES
(1, 'Mega subject');

INSERT INTO students (student_id, first_name, last_name, birth_date, class_id) VALUES
(1, 'Roberta', 'Brown', '1986-12-19', 1),
(2, 'Judy', 'Norman', '2014-08-17', 2),
(3, 'Mary', 'Frost', '1986-05-23', 3),
(4, 'Angela', 'Jefferson', '2020-09-09', 4),
(5, 'Joshua', 'Williams', '2005-02-25', 5),
(6, 'Eric', 'Murphy', '1979-02-18', 6),
(7, 'Debra', 'Wallace', '1977-07-25', 7),
(8, 'Jeff', 'Francis', '2025-03-05', 8),
(9, 'Nicole', 'Romero', '2003-01-14', 9),
(10, 'Laura', 'Adams', '2010-08-12', 10),
(11, 'Adam', 'Potter', '2017-01-02', 11),
(12, 'Christopher', 'Carter', '2014-03-27', 12),
(13, 'Joann', 'Francis', '2012-07-05', 13),
(14, 'Jade', 'Trevino', '2024-05-05', 14),
(15, 'Erica', 'Mcpherson', '2000-09-28', 15),
(16, 'Paul', 'Nguyen', '1988-12-10', 16),
(17, 'Jennifer', 'Pruitt', '2000-02-04', 17),
(18, 'Yolanda', 'Larsen', '2010-07-28', 18),
(19, 'Monique', 'Johnson', '1992-04-10', 19),
(20, 'Mary', 'Gibson', '2021-04-29', 20),
(21, 'Richard', 'Hernandez', '1978-07-30', 21),
(22, 'Crystal', 'Nicholson', '1995-03-16', 22),
(23, 'Nicholas', 'Davis', '1991-07-05', 23),
(24, 'Donna', 'Vasquez', '2017-09-09', 24),
(25, 'Alex', 'Morris', '2005-04-18', 25),
(26, 'Michael', 'Holden', '2019-05-10', 26),
(27, 'Debra', 'Richardson', '2010-05-31', 27),
(28, 'Michele', 'Nguyen', '1975-02-12', 28),
(29, 'Stephanie', 'Savage', '1984-02-06', 29),
(30, 'Maurice', 'Velez', '1970-05-05', 30),
(31, 'Nicole', 'Thomas', '2015-07-25', 31),
(32, 'Sandra', 'Phillips', '2001-11-23', 32),
(33, 'Kimberly', 'Ross', '2024-06-14', 33),
(34, 'Tracie', 'Moore', '1978-04-22', 34),
(35, 'Garrett', 'Myers', '1995-05-05', 35),
(36, 'Christopher', 'Holmes', '1981-06-03', 36),
(37, 'Chelsea', 'Dunn', '2001-03-09', 37),
(38, 'Stephanie', 'Hunt', '2024-07-14', 38),
(39, 'Daniel', 'Woodward', '1993-06-14', 39),
(40, 'Jasmin', 'Mccullough', '1977-11-14', 40),
(41, 'Gary', 'Rogers', '1988-06-20', 41),
(42, 'Nicole', 'Harris', '2014-08-12', 42),
(43, 'Charles', 'Thomas', '2022-06-15', 43),
(44, 'Lisa', 'Lewis', '1974-01-20', 44),
(45, 'Donna', 'Jones', '2000-03-30', 45),
(46, 'Rachel', 'Moore', '1997-06-19', 46),
(47, 'Philip', 'Russell', '1992-05-10', 47),
(48, 'Dalton', 'Riley', '1988-09-06', 48),
(49, 'Vickie', 'Jackson', '2005-07-13', 49),
(50, 'Daniel', 'Ruiz', '2010-09-04', 50),
(51, 'Brian', 'Graves', '2007-03-06', 51),
(52, 'Anthony', 'Reid', '1980-07-10', 52),
(53, 'Christopher', 'Crawford', '2003-11-22', 53),
(54, 'Amanda', 'Martinez', '2023-05-20', 54),
(55, 'Cole', 'Estrada', '2015-01-25', 55),
(56, 'Mark', 'Burke', '1993-05-20', 56),
(57, 'Alison', 'Carlson', '2001-08-29', 57),
(58, 'Amanda', 'Kim', '1971-01-14', 58),
(59, 'Katherine', 'Holder', '2019-03-02', 59),
(60, 'Kevin', 'Lowe', '2019-10-20', 60),
(61, 'Erica', 'Green', '2011-11-17', 61),
(62, 'Ronnie', 'Morales', '1999-10-19', 62),
(63, 'Holly', 'Hicks', '2016-05-28', 63),
(64, 'Michael', 'Stokes', '1975-10-17', 64),
(65, 'Samantha', 'Wade', '1979-12-20', 65),
(66, 'Albert', 'Holloway', '1973-08-25', 66),
(67, 'Andres', 'Reed', '2019-05-18', 67),
(68, 'Marcus', 'Ball', '2014-12-05', 68),
(69, 'David', 'Beltran', '1995-07-29', 69),
(70, 'Sara', 'Martinez', '2021-04-05', 70),
(71, 'Leslie', 'Hernandez', '1998-03-12', 71),
(72, 'Heidi', 'Howell', '1984-03-28', 72),
(73, 'Jennifer', 'Simon', '2003-09-04', 73),
(74, 'Amy', 'Johnston', '1976-02-23', 74),
(75, 'Michael', 'Reed', '1985-07-07', 75),
(76, 'Sheila', 'Bowers', '2009-06-30', 76),
(77, 'Michael', 'Beasley', '1985-04-11', 77),
(78, 'Monica', 'Lopez', '2017-03-08', 78),
(79, 'Brandon', 'Kirk', '2007-09-25', 79),
(80, 'Jennifer', 'Mcgrath', '1981-11-26', 80),
(81, 'Jason', 'Ramos', '2001-07-11', 81),
(82, 'Dana', 'Hawkins', '2013-02-18', 82),
(83, 'Sean', 'Hogan', '1971-11-08', 83),
(84, 'Shawna', 'Smith', '1972-11-08', 84),
(85, 'Madison', 'May', '1994-10-09', 85),
(86, 'Kimberly', 'Brown', '2004-07-30', 86),
(87, 'Michele', 'Marquez', '2016-08-14', 87),
(88, 'Joseph', 'Watkins', '2024-05-20', 88),
(89, 'Matthew', 'Davidson', '2003-03-03', 89),
(90, 'Megan', 'Osborn', '1972-09-27', 90),
(91, 'Rebecca', 'Hess', '1981-12-24', 91),
(92, 'Ashley', 'Gregory', '2001-06-03', 92),
(93, 'Anna', 'Allen', '1987-01-31', 93),
(94, 'Lisa', 'Olson', '2009-03-30', 94),
(95, 'Alicia', 'Marshall', '2020-02-26', 95),
(96, 'Dana', 'Burton', '1977-06-16', 96),
(97, 'April', 'Gardner', '1989-03-28', 97),
(98, 'Jimmy', 'Davis', '2009-05-24', 98),
(99, 'Sonya', 'Mathis', '1995-10-11', 99),
(100, 'Tammy', 'Stevens', '2013-10-26', 100),
(101, 'Bryan', 'Ford', '2004-03-04', 101),
(102, 'Christopher', 'Gonzalez', '2019-09-05', 102),
(103, 'Brian', 'Lowe', '2006-05-09', 103),
(104, 'Daniel', 'Webster', '1983-12-31', 104),
(105, 'Christina', 'Montgomery', '1983-07-12', 105),
(106, 'Justin', 'Chambers', '2019-12-10', 106),
(107, 'Shane', 'Bush', '2014-05-22', 107),
(108, 'Sarah', 'Johnson', '1996-03-25', 108),
(109, 'Kelly', 'Smith', '2002-09-16', 109),
(110, 'Alexis', 'Robinson', '1998-12-06', 110),
(111, 'Adam', 'Medina', '1990-06-20', 111),
(112, 'Carolyn', 'Miller', '2005-03-30', 112),
(113, 'Jonathan', 'Smith', '1982-09-17', 113),
(114, 'Andrea', 'Lawrence', '1989-03-08', 114),
(115, 'Marcia', 'Delgado', '1970-06-17', 115),
(116, 'Tiffany', 'Hahn', '1980-09-21', 116),
(117, 'Ronnie', 'Morgan', '2012-12-13', 117),
(118, 'Robert', 'Parker', '2019-04-07', 118),
(119, 'Wanda', 'Snyder', '1977-03-28', 119),
(120, 'Chris', 'Taylor', '2022-07-27', 120),
(121, 'Tara', 'Hernandez', '2001-01-22', 121),
(122, 'Joe', 'Blankenship', '1976-10-07', 122),
(123, 'Haley', 'Jackson', '1985-07-22', 123),
(124, 'Kaitlyn', 'Chan', '2019-02-17', 124),
(125, 'Melissa', 'Patterson', '1999-03-09', 125),
(126, 'Christopher', 'Higgins', '1993-10-09', 126),
(127, 'Derrick', 'Watson', '2014-01-11', 127),
(128, 'Dustin', 'Morrison', '1994-05-24', 128),
(129, 'Miranda', 'Vargas', '1972-07-11', 129),
(130, 'Joyce', 'Newton', '1989-11-14', 130),
(131, 'Gerald', 'Turner', '2012-01-05', 131),
(132, 'Justin', 'Howell', '2013-10-30', 132),
(133, 'Russell', 'Payne', '2012-08-27', 133),
(134, 'Tanner', 'Porter', '1994-06-18', 134),
(135, 'Julie', 'Johnson', '1982-11-30', 135),
(136, 'Kenneth', 'Schaefer', '2002-12-07', 136),
(137, 'Gary', 'Foley', '2017-11-11', 137),
(138, 'Anna', 'Taylor', '1973-03-04', 138),
(139, 'David', 'Bell', '1998-08-03', 139),
(140, 'Christopher', 'Edwards', '2025-02-07', 140),
(141, 'William', 'Hernandez', '1973-03-24', 141),
(142, 'Mason', 'Morrison', '2012-12-27', 142),
(143, 'Jessica', 'Barnes', '2016-06-16', 143),
(144, 'Lisa', 'Rosario', '1973-05-16', 144),
(145, 'Angela', 'Pollard', '1984-01-11', 145),
(146, 'Luis', 'Barton', '2003-07-11', 146),
(147, 'Andrew', 'Bright', '1971-04-06', 147),
(148, 'Larry', 'Vasquez', '2022-04-17', 148),
(149, 'Cynthia', 'Cherry', '2018-01-18', 149),
(150, 'Kelly', 'Elliott', '1993-05-21', 150),
(151, 'Jennifer', 'Jenkins', '1979-12-09', 151),
(152, 'Michael', 'Johnson', '2019-12-21', 152),
(153, 'Jamie', 'Perez', '2006-03-13', 153),
(154, 'Tiffany', 'Taylor', '1982-10-18', 154),
(155, 'Marie', 'Medina', '1989-10-24', 155),
(156, 'Nancy', 'Miller', '1971-09-16', 156),
(157, 'Zoe', 'Nguyen', '1983-02-20', 157),
(158, 'Caitlin', 'Moore', '1987-11-14', 158),
(159, 'Blake', 'Young', '1980-02-27', 159),
(160, 'Debra', 'Armstrong', '1990-12-21', 160),
(161, 'Angelica', 'Smith', '2017-01-27', 161),
(162, 'Sarah', 'Smith', '2003-06-21', 162),
(163, 'Tara', 'Howard', '2012-08-16', 163),
(164, 'Ann', 'Morris', '1984-06-22', 164),
(165, 'Deborah', 'Brady', '1984-03-03', 165),
(166, 'Samantha', 'Campbell', '1975-02-24', 166),
(167, 'Erica', 'Case', '1994-11-13', 167),
(168, 'Wayne', 'Smith', '1981-07-22', 168),
(169, 'Shane', 'Williams', '2006-07-31', 169),
(170, 'Robin', 'Dennis', '1987-01-11', 170),
(171, 'Jeffrey', 'Dunlap', '2017-02-05', 171),
(172, 'Tammy', 'Bailey', '1997-05-08', 172),
(173, 'William', 'Ortiz', '1973-10-13', 173),
(174, 'Richard', 'Moore', '2007-10-02', 174),
(175, 'Brandon', 'Serrano', '2021-07-28', 175),
(176, 'Tanya', 'Thomas', '2024-12-17', 176),
(177, 'Bradley', 'Cox', '1998-12-19', 177),
(178, 'Frederick', 'Gonzales', '1977-12-04', 178),
(179, 'Danielle', 'Crawford', '2015-01-05', 179),
(180, 'Jermaine', 'Navarro', '2025-02-09', 180),
(181, 'Sharon', 'Washington', '1995-12-21', 181),
(182, 'Shawn', 'Kelley', '2006-12-18', 182),
(183, 'Brooke', 'Lane', '2015-12-02', 183),
(184, 'Linda', 'King', '1992-07-20', 184),
(185, 'Kyle', 'Edwards', '2006-01-29', 185),
(186, 'Thomas', 'Davis', '2025-02-21', 186),
(187, 'Laura', 'Jones', '2021-09-26', 187),
(188, 'John', 'Singleton', '1972-10-05', 188),
(189, 'Daniel', 'Fowler', '1971-01-05', 189),
(190, 'Kristen', 'Simmons', '1998-11-04', 190),
(191, 'Amy', 'Mathews', '1997-08-07', 191),
(192, 'Tina', 'Myers', '1988-07-29', 192),
(193, 'Marc', 'Goodwin', '2002-03-17', 193),
(194, 'Kyle', 'Thomas', '1975-06-18', 194),
(195, 'Shelby', 'Patton', '1978-10-18', 195),
(196, 'Anna', 'Lewis', '1980-11-23', 196),
(197, 'Angela', 'Hansen', '1989-06-01', 197),
(198, 'Joseph', 'May', '1974-03-14', 198),
(199, 'Jessica', 'English', '1992-06-02', 199),
(200, 'Timothy', 'Hardin', '2002-07-24', 200),
(201, 'Kaitlyn', 'Thomas', '2018-02-24', 201),
(202, 'Lisa', 'Kelly', '2000-08-28', 202),
(203, 'Alexander', 'Holmes', '1986-11-12', 203),
(204, 'Christina', 'Bentley', '2003-04-28', 204),
(205, 'Willie', 'Jimenez', '2023-07-06', 205),
(206, 'Michael', 'Benjamin', '2019-01-14', 206),
(207, 'Willie', 'Williams', '1976-06-03', 207),
(208, 'Edward', 'Hansen', '2021-02-14', 208),
(209, 'Dawn', 'Mcmillan', '2021-02-28', 209),
(210, 'Jonathon', 'Bennett', '2013-06-05', 210),
(211, 'Laura', 'Hoffman', '1994-10-02', 211),
(212, 'Ralph', 'Lewis', '1987-11-15', 212),
(213, 'Douglas', 'Turner', '1990-02-10', 213),
(214, 'Derek', 'Walker', '1996-05-20', 214),
(215, 'James', 'Brown', '2023-02-22', 215),
(216, 'Linda', 'Ballard', '1976-11-16', 216),
(217, 'Alejandro', 'Alexander', '2007-04-14', 217),
(218, 'Emily', 'Pollard', '1985-04-03', 218),
(219, 'Jason', 'Macdonald', '1991-08-14', 219),
(220, 'Erik', 'Fox', '2019-01-10', 220),
(221, 'Crystal', 'Ward', '1993-10-14', 221),
(222, 'David', 'Kelley', '2002-05-09', 222),
(223, 'Robin', 'Rosales', '2011-06-07', 223),
(224, 'Gabriel', 'Klein', '1997-10-08', 224),
(225, 'Jordan', 'Andersen', '2020-07-21', 225),
(226, 'Matthew', 'Franklin', '1981-05-11', 226),
(227, 'John', 'Tanner', '2000-08-15', 227),
(228, 'John', 'Harding', '2019-10-08', 228),
(229, 'Charles', 'Newton', '2009-12-07', 229),
(230, 'Kimberly', 'Miller', '2024-03-11', 230),
(231, 'James', 'Cruz', '1996-10-02', 231),
(232, 'Joseph', 'Davis', '2012-02-06', 232),
(233, 'Christina', 'Reese', '2016-05-18', 233),
(234, 'Melissa', 'Medina', '1982-11-08', 234),
(235, 'William', 'Kim', '1998-10-27', 235),
(236, 'Alec', 'King', '2012-05-23', 236),
(237, 'David', 'Wheeler', '2020-09-13', 237),
(238, 'Lori', 'Nash', '1979-01-07', 238),
(239, 'Rebecca', 'Duncan', '2023-06-17', 239),
(240, 'Candice', 'Spears', '1973-02-11', 240),
(241, 'Jennifer', 'Martinez', '2003-06-27', 241),
(242, 'Brett', 'Palmer', '2003-02-07', 242),
(243, 'Lisa', 'Roberts', '2007-01-07', 243),
(244, 'Scott', 'Roberts', '2000-03-01', 244),
(245, 'Yesenia', 'Scott', '1987-07-28', 245),
(246, 'Linda', 'Tucker', '1989-06-30', 246),
(247, 'Kelli', 'Jenkins', '2015-01-03', 247),
(248, 'Andrea', 'Armstrong', '1979-01-12', 248),
(249, 'Jerry', 'Miller', '1974-01-17', 249),
(250, 'Abigail', 'Alvarado', '2023-08-20', 250),
(251, 'Emily', 'Villarreal', '1996-11-25', 251),
(252, 'Jason', 'Smith', '1978-09-06', 252),
(253, 'Barry', 'Blair', '2009-11-04', 253),
(254, 'Kimberly', 'Salazar', '1979-01-28', 254),
(255, 'David', 'Colon', '1970-09-06', 255),
(256, 'Seth', 'Henry', '1990-05-10', 256),
(257, 'Alexis', 'Moss', '1979-10-20', 257),
(258, 'Corey', 'Wiggins', '1980-10-03', 258),
(259, 'Shane', 'Sanchez', '1988-02-06', 259),
(260, 'William', 'Edwards', '1991-08-09', 260),
(261, 'Michael', 'Smith', '2000-12-01', 261),
(262, 'Bruce', 'Willis', '1994-02-17', 262),
(263, 'Crystal', 'Richardson', '2022-01-13', 263),
(264, 'Howard', 'Bright', '2021-09-27', 264),
(265, 'Gary', 'Weaver', '2013-10-01', 265),
(266, 'Jennifer', 'Ball', '1974-01-14', 266),
(267, 'Charles', 'Murphy', '2006-03-22', 267),
(268, 'Lauren', 'Rose', '1999-08-12', 268),
(269, 'April', 'Rodriguez', '1993-01-03', 269),
(270, 'Amy', 'Reeves', '2000-07-19', 270),
(271, 'Daniel', 'Schroeder', '1997-10-03', 271),
(272, 'Angela', 'Lewis', '1985-11-13', 272),
(273, 'Rick', 'Fox', '2007-08-12', 273),
(274, 'Elizabeth', 'Trevino', '2019-11-30', 274),
(275, 'Barbara', 'James', '2022-02-12', 275),
(276, 'Todd', 'Nelson', '2018-11-01', 276),
(277, 'Heather', 'Harris', '1981-06-24', 277),
(278, 'Jesus', 'Mercado', '1978-07-19', 278),
(279, 'Michael', 'Summers', '1993-04-08', 279),
(280, 'Joshua', 'Mendoza', '1994-07-24', 280),
(281, 'Cameron', 'Gonzales', '1983-08-04', 281),
(282, 'Michelle', 'Henderson', '2019-12-30', 282),
(283, 'John', 'Wallace', '2006-11-07', 283),
(284, 'Todd', 'Meadows', '1981-12-21', 284),
(285, 'Tracie', 'Kennedy', '1986-03-03', 285),
(286, 'Heather', 'Knight', '1984-03-17', 286),
(287, 'Bruce', 'Mcpherson', '2003-09-07', 287),
(288, 'Rachel', 'Austin', '1972-05-24', 288),
(289, 'Jon', 'Goodwin', '1991-04-22', 289),
(290, 'William', 'Munoz', '1989-02-05', 290),
(291, 'Kenneth', 'Mcdonald', '2022-07-11', 291),
(292, 'Beverly', 'Williams', '1998-09-18', 292),
(293, 'Michael', 'Taylor', '1983-05-05', 293),
(294, 'Christopher', 'Young', '1998-05-16', 294),
(295, 'Kristin', 'Terrell', '1975-12-15', 295),
(296, 'Brenda', 'Ward', '2022-11-26', 296),
(297, 'Lori', 'Thomas', '2005-04-16', 297),
(298, 'Stephanie', 'White', '1973-09-19', 298),
(299, 'Ronald', 'Winters', '1982-04-25', 299),
(300, 'Samantha', 'Barrera', '1984-06-28', 300),
(301, 'James', 'Lopez', '1982-06-10', 301),
(302, 'Shane', 'Bowen', '2021-07-16', 302),
(303, 'John', 'Curtis', '1979-04-15', 303),
(304, 'Mary', 'Maxwell', '1988-12-17', 304),
(305, 'Jose', 'Murray', '1984-09-11', 305),
(306, 'Keith', 'Robinson', '2002-12-16', 306),
(307, 'Holly', 'Mcmahon', '1970-05-27', 307),
(308, 'Richard', 'Goodwin', '1971-02-27', 308),
(309, 'Timothy', 'Campbell', '2023-04-24', 309),
(310, 'Megan', 'Williams', '1983-09-02', 310),
(311, 'Maria', 'Adams', '1983-12-23', 311),
(312, 'Bryan', 'Lane', '2005-09-10', 312),
(313, 'Jessica', 'Baker', '2008-07-08', 313),
(314, 'Anthony', 'Foster', '1989-06-22', 314),
(315, 'George', 'Morgan', '1977-06-11', 315),
(316, 'Logan', 'Howard', '2004-01-31', 316),
(317, 'Joshua', 'Moyer', '2000-05-01', 317),
(318, 'Jacob', 'Smith', '1994-12-08', 318),
(319, 'Michael', 'Lopez', '2018-07-04', 319),
(320, 'Ashley', 'Blackburn', '1993-01-17', 320),
(321, 'Shannon', 'Butler', '2009-01-20', 321),
(322, 'Christian', 'Avila', '1989-08-08', 322),
(323, 'Stephen', 'Skinner', '2001-09-27', 323),
(324, 'Heather', 'Rivera', '2000-11-13', 324),
(325, 'Nathaniel', 'Ibarra', '2010-01-30', 325),
(326, 'Gregory', 'Lewis', '2021-09-09', 326),
(327, 'Brandon', 'Fuller', '2010-05-12', 327),
(328, 'Nathan', 'Miller', '2010-01-30', 328),
(329, 'Brandon', 'Garcia', '1979-11-02', 329),
(330, 'Mark', 'Johnson', '1992-10-31', 330),
(331, 'Mathew', 'Melton', '2020-03-25', 331),
(332, 'Susan', 'Wood', '2000-10-26', 332),
(333, 'Roger', 'Pollard', '2017-05-08', 333),
(334, 'Jeremy', 'Patton', '2010-01-30', 334),
(335, 'Daniel', 'Gallagher', '1986-09-22', 335),
(336, 'Amanda', 'Roman', '1994-07-23', 336),
(337, 'Deanna', 'Shepard', '2009-08-05', 337),
(338, 'Joshua', 'Rodriguez', '1998-01-02', 338),
(339, 'Jonathan', 'Scott', '2020-08-19', 339),
(340, 'Thomas', 'Smith', '1985-05-01', 340),
(341, 'Peter', 'Harris', '1972-08-07', 341),
(342, 'Daniel', 'Sherman', '2007-09-19', 342),
(343, 'Marilyn', 'Gay', '2005-01-30', 343),
(344, 'Curtis', 'Carson', '2000-09-10', 344),
(345, 'Travis', 'Franklin', '2004-06-04', 345),
(346, 'Whitney', 'Thomas', '1999-10-10', 346),
(347, 'Kylie', 'Berg', '2009-08-14', 347),
(348, 'Rachael', 'Brown', '2022-04-21', 348),
(349, 'Matthew', 'Morales', '2007-11-20', 349),
(350, 'April', 'Moon', '2018-06-12', 350),
(351, 'Jennifer', 'Lee', '1981-06-30', 351),
(352, 'Devin', 'Keller', '2009-08-09', 352),
(353, 'Tony', 'Mack', '2018-02-20', 353),
(354, 'Mark', 'Myers', '2023-10-02', 354),
(355, 'Melissa', 'Stafford', '1998-04-18', 355),
(356, 'Heather', 'Schultz', '2005-03-18', 356),
(357, 'Melissa', 'Lawson', '1979-11-05', 357),
(358, 'Stacey', 'Jackson', '2006-08-12', 358),
(359, 'Nicole', 'Rodriguez', '1998-06-09', 359),
(360, 'Paul', 'Stone', '1979-12-04', 360),
(361, 'Katherine', 'Valdez', '2001-05-19', 361),
(362, 'Linda', 'Malone', '1996-03-23', 362),
(363, 'Ryan', 'Mcdaniel', '2015-06-10', 363),
(364, 'Elizabeth', 'Erickson', '2008-02-17', 364),
(365, 'Charles', 'Williamson', '2025-04-01', 365),
(366, 'Kristina', 'Campbell', '1994-10-20', 366),
(367, 'Michele', 'Miller', '1991-04-26', 367),
(368, 'Evan', 'Clark', '1981-10-16', 368),
(369, 'Kelly', 'James', '2005-08-23', 369),
(370, 'Kevin', 'Black', '1994-05-29', 370),
(371, 'Brenda', 'Small', '1980-07-29', 371),
(372, 'Paul', 'Bird', '1982-12-29', 372),
(373, 'Paul', 'Turner', '1996-07-26', 373),
(374, 'Brian', 'Garza', '1994-08-24', 374),
(375, 'Eric', 'Cruz', '1986-03-21', 375),
(376, 'Theresa', 'Castillo', '2016-10-12', 376),
(377, 'Jennifer', 'Cantu', '1991-09-25', 377),
(378, 'Christina', 'Davis', '1985-02-26', 378),
(379, 'Jon', 'Espinoza', '2001-07-09', 379),
(380, 'Samantha', 'Young', '1972-10-30', 380),
(381, 'Kevin', 'Cortez', '2006-06-22', 381),
(382, 'Diane', 'Hughes', '1993-06-03', 382),
(383, 'Christina', 'Rios', '1995-07-06', 383),
(384, 'Frank', 'Simpson', '2018-06-30', 384),
(385, 'Joshua', 'Vega', '1992-09-26', 385),
(386, 'Andre', 'Howard', '1998-11-07', 386),
(387, 'Jessica', 'Huang', '1988-09-02', 387),
(388, 'William', 'James', '2011-06-29', 388),
(389, 'Wesley', 'Bishop', '1991-08-18', 389),
(390, 'Danielle', 'Munoz', '2004-08-22', 390),
(391, 'Adam', 'Mccullough', '1989-07-06', 391),
(392, 'Paula', 'Harris', '2006-08-17', 392),
(393, 'Melissa', 'Evans', '2008-01-30', 393),
(394, 'Megan', 'Watkins', '2000-06-05', 394),
(395, 'Thomas', 'Ballard', '1973-01-04', 395),
(396, 'Juan', 'Hines', '2008-06-28', 396),
(397, 'Robert', 'Evans', '1994-01-25', 397),
(398, 'Nicholas', 'Wolfe', '1988-11-06', 398),
(399, 'Patricia', 'Smith', '1992-02-18', 399),
(400, 'Julie', 'Kelley', '1991-11-16', 400),
(401, 'Mark', 'Henderson', '2024-02-14', 401),
(402, 'Matthew', 'Watson', '2023-03-15', 402),
(403, 'Angela', 'Morton', '1991-08-25', 403),
(404, 'Scott', 'Baker', '2012-06-08', 404),
(405, 'Ashley', 'Robles', '2008-06-15', 405),
(406, 'Chloe', 'Hudson', '2017-02-04', 406),
(407, 'Caroline', 'Bell', '1970-03-09', 407),
(408, 'Tracy', 'Thompson', '2002-09-06', 408),
(409, 'Mario', 'Martinez', '1982-06-02', 409),
(410, 'Sherri', 'Reynolds', '1985-04-07', 410),
(411, 'Amanda', 'Villegas', '2017-11-10', 411),
(412, 'Rhonda', 'Stewart', '1983-02-15', 412),
(413, 'Daniel', 'Mccann', '1970-02-01', 413),
(414, 'Samantha', 'Anderson', '1984-04-19', 414),
(415, 'Megan', 'Rodgers', '1983-01-03', 415),
(416, 'Darlene', 'Ewing', '1984-12-08', 416),
(417, 'Bradley', 'Williams', '1977-05-06', 417),
(418, 'Todd', 'Martinez', '2008-10-29', 418),
(419, 'George', 'Huang', '2005-12-07', 419),
(420, 'Rachel', 'Johnson', '1993-05-23', 420),
(421, 'Jade', 'Hill', '1980-06-23', 421),
(422, 'Alexander', 'Cox', '1993-11-19', 422),
(423, 'Elizabeth', 'Fowler', '1983-07-02', 423),
(424, 'Rebecca', 'Cox', '1988-02-19', 424),
(425, 'Steve', 'Todd', '1983-12-09', 425),
(426, 'Tiffany', 'Shaw', '1986-08-13', 426),
(427, 'Leah', 'Ortega', '2003-06-12', 427),
(428, 'Chad', 'Castaneda', '1981-05-11', 428),
(429, 'Sean', 'Robinson', '2006-10-12', 429),
(430, 'Hannah', 'Marshall', '1992-05-16', 430),
(431, 'Kelli', 'Watson', '2012-11-06', 431),
(432, 'Christopher', 'Bolton', '2002-12-22', 432),
(433, 'Nicholas', 'Johnson', '1975-07-20', 433),
(434, 'Martha', 'Miller', '1980-04-23', 434),
(435, 'Anthony', 'Smith', '1985-08-11', 435),
(436, 'Brianna', 'Mckee', '2019-03-07', 436),
(437, 'Laura', 'Turner', '2020-12-06', 437),
(438, 'Beth', 'Smith', '1978-06-19', 438),
(439, 'Mary', 'Watts', '2009-11-20', 439),
(440, 'Robert', 'Hale', '1986-05-20', 440),
(441, 'James', 'Kelley', '2021-11-14', 441),
(442, 'Robert', 'Simmons', '1986-06-04', 442),
(443, 'Kevin', 'Villa', '2003-09-23', 443),
(444, 'Nicole', 'Miller', '2024-04-09', 444),
(445, 'Amy', 'Holmes', '2020-07-04', 445),
(446, 'Ana', 'Davis', '2004-07-01', 446),
(447, 'Todd', 'Estrada', '2013-07-17', 447),
(448, 'Richard', 'Summers', '2002-08-19', 448),
(449, 'Billy', 'Collins', '1982-08-12', 449),
(450, 'William', 'Blake', '2019-01-13', 450),
(451, 'Gabriela', 'Smith', '2002-12-25', 451),
(452, 'Matthew', 'Wilson', '1985-05-14', 452),
(453, 'Jasmin', 'Sanders', '2005-09-01', 453),
(454, 'Rita', 'Chen', '1970-02-06', 454),
(455, 'Christina', 'Alexander', '1979-03-16', 455),
(456, 'William', 'Brown', '1986-04-14', 456),
(457, 'Courtney', 'Taylor', '1992-08-28', 457),
(458, 'Doris', 'Allison', '2008-12-04', 458),
(459, 'Shawn', 'Perez', '1977-01-20', 459),
(460, 'Mercedes', 'Mcneil', '2008-02-09', 460),
(461, 'James', 'Benitez', '1988-07-09', 461),
(462, 'Cynthia', 'Lewis', '2003-09-15', 462),
(463, 'Gary', 'Sawyer', '1998-03-28', 463),
(464, 'Ashley', 'Cox', '2013-03-04', 464),
(465, 'Amanda', 'Mcconnell', '1995-05-14', 465),
(466, 'Rebekah', 'Medina', '1974-09-05', 466),
(467, 'Samantha', 'Johnson', '2009-10-15', 467),
(468, 'Ryan', 'Simmons', '2016-05-09', 468),
(469, 'Gregory', 'Walker', '1991-02-05', 469),
(470, 'Kayla', 'Mccullough', '1970-04-18', 470),
(471, 'Mary', 'Douglas', '2020-01-13', 471),
(472, 'Tyler', 'Kaufman', '1990-10-19', 472),
(473, 'Joel', 'Campos', '1991-05-13', 473),
(474, 'Tyler', 'Huff', '2022-05-10', 474),
(475, 'Mary', 'Grant', '1983-04-21', 475),
(476, 'Anna', 'Huang', '1995-05-05', 476),
(477, 'Karen', 'Garcia', '1985-03-30', 477),
(478, 'James', 'Hart', '1974-07-22', 478),
(479, 'Donald', 'Nguyen', '1999-05-24', 479),
(480, 'Christopher', 'Andrade', '1977-02-27', 480),
(481, 'Christian', 'Simpson', '1995-08-14', 481),
(482, 'Austin', 'Mcintosh', '2004-05-17', 482),
(483, 'Dale', 'Roman', '2010-01-25', 483),
(484, 'Lindsey', 'Clayton', '1994-06-09', 484),
(485, 'Megan', 'Gibbs', '1992-05-17', 485),
(486, 'Erika', 'Chase', '1977-04-25', 486),
(487, 'Katherine', 'Walton', '2007-03-11', 487),
(488, 'Gwendolyn', 'Collins', '1987-06-30', 488),
(489, 'Lisa', 'Cruz', '2002-03-08', 489),
(490, 'Shelia', 'White', '1977-10-27', 490),
(491, 'Clayton', 'Garcia', '2005-03-25', 491),
(492, 'Bruce', 'Gonzalez', '1981-10-29', 492),
(493, 'Beverly', 'Newton', '2010-02-10', 493),
(494, 'Ashley', 'Freeman', '1994-05-28', 494),
(495, 'Rhonda', 'Nguyen', '2023-04-25', 495),
(496, 'Amy', 'Perez', '2024-09-12', 496),
(497, 'Rachel', 'Moody', '2007-09-25', 497),
(498, 'Shelby', 'Nguyen', '2015-01-27', 498),
(499, 'Lori', 'Dougherty', '1993-06-22', 499),
(500, 'Antonio', 'Wolf', '1970-12-12', 500),
(501, 'Joseph', 'Rodriguez', '2010-11-22', 501),
(502, 'Jill', 'Odonnell', '1980-10-05', 502),
(503, 'Jerry', 'Turner', '2002-12-26', 503),
(504, 'Charles', 'Cox', '1993-05-17', 504),
(505, 'Dennis', 'Foster', '2019-08-30', 505),
(506, 'Kerry', 'Watkins', '1994-07-28', 506),
(507, 'Joshua', 'Hunt', '2010-12-17', 507),
(508, 'Charles', 'Anderson', '1997-08-10', 508),
(509, 'James', 'Dunn', '2018-12-18', 509),
(510, 'Becky', 'Buchanan', '1971-07-24', 510),
(511, 'Carol', 'Espinoza', '1972-12-09', 511),
(512, 'Nicholas', 'Johnson', '1997-09-17', 512),
(513, 'Gerald', 'Rodriguez', '1978-12-09', 513),
(514, 'Kimberly', 'Gardner', '2009-04-29', 514),
(515, 'Jennifer', 'Simpson', '2001-01-02', 515),
(516, 'Deborah', 'Hughes', '2017-06-25', 516),
(517, 'Johnny', 'Anderson', '2017-11-16', 517),
(518, 'Kimberly', 'Osborn', '2006-02-15', 518),
(519, 'Evan', 'Flynn', '1996-01-14', 519),
(520, 'Garrett', 'Osborn', '2013-12-09', 520),
(521, 'Robert', 'Phillips', '1984-05-01', 521),
(522, 'Edward', 'Ryan', '1974-01-02', 522),
(523, 'Elizabeth', 'Hernandez', '2005-09-23', 523),
(524, 'Joshua', 'Butler', '1998-08-16', 524),
(525, 'Elizabeth', 'Haley', '1998-08-13', 525),
(526, 'Rodney', 'Francis', '2020-01-25', 526),
(527, 'Jon', 'Costa', '2015-01-25', 527),
(528, 'Alyssa', 'Schultz', '1979-10-15', 528),
(529, 'Gary', 'Everett', '2021-03-25', 529),
(530, 'Diana', 'Robinson', '2018-11-21', 530),
(531, 'Taylor', 'Wilcox', '1998-07-14', 531),
(532, 'Clifford', 'Evans', '1994-02-07', 532),
(533, 'Lauren', 'Stevens', '2006-06-17', 533),
(534, 'Shannon', 'Kerr', '1974-09-17', 534),
(535, 'Cindy', 'Manning', '2021-11-19', 535),
(536, 'Lisa', 'Trevino', '1995-04-19', 536),
(537, 'Robert', 'Clark', '1995-10-28', 537),
(538, 'William', 'Brown', '1973-06-12', 538),
(539, 'Michael', 'White', '1977-05-20', 539),
(540, 'Tiffany', 'Jones', '2005-11-12', 540),
(541, 'Charles', 'Hancock', '2023-08-17', 541),
(542, 'Michael', 'Dixon', '1997-03-19', 542),
(543, 'Makayla', 'Mills', '2022-09-29', 543),
(544, 'Kevin', 'King', '1984-08-18', 544),
(545, 'Erin', 'Hamilton', '2001-03-08', 545),
(546, 'Sarah', 'Stewart', '1976-08-15', 546),
(547, 'Vickie', 'Bryant', '2007-11-19', 547),
(548, 'Jose', 'Villegas', '1974-03-28', 548),
(549, 'Thomas', 'Lucas', '2025-04-20', 549),
(550, 'Gavin', 'Michael', '1987-10-05', 550),
(551, 'David', 'Garza', '2002-06-10', 551),
(552, 'Rachel', 'Jones', '2022-02-07', 552),
(553, 'Benjamin', 'Alvarez', '1976-07-30', 553),
(554, 'Robert', 'Martin', '1971-12-25', 554),
(555, 'Noah', 'Young', '2017-08-07', 555),
(556, 'Randy', 'Franklin', '1970-05-02', 556),
(557, 'Andre', 'Pierce', '1996-10-11', 557),
(558, 'Beverly', 'Guerrero', '1992-09-28', 558),
(559, 'Anthony', 'Hopkins', '1987-10-20', 559),
(560, 'Kevin', 'Bernard', '1982-02-09', 560),
(561, 'Kyle', 'Gardner', '1972-02-19', 561),
(562, 'Alexandra', 'Cohen', '1991-04-27', 562),
(563, 'Joel', 'Lozano', '1980-09-18', 563),
(564, 'Karen', 'Carter', '1973-01-06', 564),
(565, 'Robert', 'Robinson', '1980-11-27', 565),
(566, 'Robert', 'Stephens', '1986-01-06', 566),
(567, 'Donald', 'Santiago', '2012-05-20', 567),
(568, 'Jose', 'Martin', '2008-03-14', 568),
(569, 'John', 'Wells', '1997-10-01', 569),
(570, 'Amber', 'Zuniga', '2006-10-31', 570),
(571, 'Zachary', 'Roberts', '2024-08-12', 571),
(572, 'Thomas', 'Salazar', '2015-10-17', 572),
(573, 'Kevin', 'Hicks', '2003-03-12', 573),
(574, 'Lori', 'Snyder', '2016-10-16', 574),
(575, 'Edward', 'Duncan', '1972-03-06', 575),
(576, 'Kylie', 'Moody', '1987-03-04', 576),
(577, 'Vicki', 'Johnson', '2002-05-26', 577),
(578, 'Wesley', 'Beck', '1994-02-05', 578),
(579, 'Rodney', 'Ward', '1976-10-23', 579),
(580, 'Matthew', 'Dalton', '1987-06-13', 580),
(581, 'Christina', 'Duarte', '1993-03-27', 581),
(582, 'Barbara', 'Mccormick', '1985-02-06', 582),
(583, 'Kayla', 'Jordan', '1972-09-19', 583),
(584, 'Xavier', 'Hoover', '1998-03-20', 584),
(585, 'Matthew', 'Brown', '1980-01-19', 585),
(586, 'Kelsey', 'Jackson', '2002-04-21', 586),
(587, 'Angel', 'Russell', '2017-01-06', 587),
(588, 'Javier', 'Mcdaniel', '1980-02-25', 588),
(589, 'William', 'Martinez', '1978-04-16', 589),
(590, 'Luis', 'Stout', '2019-01-02', 590),
(591, 'Dylan', 'Pierce', '1980-03-23', 591),
(592, 'Colton', 'Smith', '1982-08-20', 592),
(593, 'Melissa', 'Davis', '2000-06-20', 593),
(594, 'Benjamin', 'Reeves', '2001-04-20', 594),
(595, 'Patricia', 'Miller', '2015-08-24', 595),
(596, 'Joshua', 'Jones', '2007-03-09', 596),
(597, 'Troy', 'Hopkins', '2002-10-10', 597),
(598, 'Gail', 'Richardson', '1977-01-06', 598),
(599, 'Samuel', 'Dunlap', '1986-10-17', 599),
(600, 'Stacey', 'Davis', '2024-03-22', 600),
(601, 'Jessica', 'Taylor', '2016-07-24', 601),
(602, 'Monica', 'Nelson', '2024-04-30', 602),
(603, 'William', 'Poole', '2013-07-12', 603),
(604, 'Raymond', 'Morgan', '1982-08-01', 604),
(605, 'Steven', 'Carroll', '2022-10-11', 605),
(606, 'Bonnie', 'Ramirez', '2005-06-04', 606),
(607, 'Kevin', 'Whitaker', '1970-01-05', 607),
(608, 'Toni', 'Howard', '2022-02-04', 608),
(609, 'Frank', 'Paul', '2005-07-14', 609),
(610, 'Joshua', 'Welch', '2008-08-02', 610),
(611, 'Jason', 'Lucas', '2014-05-26', 611),
(612, 'Blake', 'Davidson', '2023-03-19', 612),
(613, 'Heather', 'Martin', '1972-10-19', 613),
(614, 'Denise', 'Carter', '2010-01-29', 614),
(615, 'Jennifer', 'Myers', '1992-05-13', 615),
(616, 'Cassidy', 'Odonnell', '1977-01-10', 616),
(617, 'Jody', 'Powers', '1989-01-26', 617),
(618, 'Joseph', 'Jones', '1995-11-28', 618),
(619, 'Brittany', 'Stone', '1975-04-10', 619),
(620, 'Monica', 'Wood', '2018-09-15', 620),
(621, 'Christopher', 'Jacobs', '1979-05-18', 621),
(622, 'Robert', 'Gill', '1998-03-20', 622),
(623, 'Megan', 'Gonzales', '1974-02-09', 623),
(624, 'Andrew', 'Taylor', '1980-08-30', 624),
(625, 'Suzanne', 'Anderson', '2020-04-10', 625),
(626, 'Donna', 'Sanchez', '1999-08-17', 626),
(627, 'Danny', 'Clark', '1998-08-26', 627),
(628, 'Joseph', 'Simmons', '2008-04-20', 628),
(629, 'Brent', 'Cooper', '2025-02-08', 629),
(630, 'Lisa', 'Martin', '1977-08-30', 630),
(631, 'Alexander', 'Klein', '1987-10-31', 631),
(632, 'Nicole', 'Jones', '2018-10-18', 632),
(633, 'Shari', 'Palmer', '2002-12-22', 633),
(634, 'Ashley', 'Meyers', '1996-06-28', 634),
(635, 'Jason', 'Burns', '1981-11-25', 635),
(636, 'Lisa', 'Vasquez', '2021-01-03', 636),
(637, 'Justin', 'Thompson', '2016-04-27', 637),
(638, 'Brian', 'Martinez', '2011-11-16', 638),
(639, 'Lance', 'Alexander', '1999-11-25', 639),
(640, 'Chad', 'Solomon', '1987-08-24', 640),
(641, 'Denise', 'Garner', '1992-10-27', 641),
(642, 'Ashley', 'Anderson', '1974-07-30', 642),
(643, 'Warren', 'Roberts', '2003-04-24', 643),
(644, 'Rebecca', 'Obrien', '1999-01-10', 644),
(645, 'Joseph', 'Guerrero', '2007-06-23', 645),
(646, 'Alexander', 'Matthews', '2021-12-17', 646),
(647, 'Martin', 'Malone', '1997-05-02', 647),
(648, 'Michelle', 'Riggs', '1991-01-17', 648),
(649, 'Steven', 'Armstrong', '1974-03-25', 649),
(650, 'Melissa', 'Hoffman', '1971-04-27', 650),
(651, 'Katherine', 'Crawford', '1975-10-22', 651),
(652, 'Renee', 'Scott', '2012-01-22', 652),
(653, 'Nathan', 'Sampson', '2019-01-07', 653),
(654, 'Alexander', 'Mooney', '1973-07-07', 654),
(655, 'Taylor', 'Patterson', '1973-01-23', 655),
(656, 'Christopher', 'Moore', '1996-09-19', 656),
(657, 'Heather', 'Rodriguez', '2022-09-08', 657),
(658, 'Brandi', 'Lang', '2003-06-03', 658),
(659, 'Elizabeth', 'Thomas', '1980-08-28', 659),
(660, 'Karla', 'Reese', '2007-08-30', 660),
(661, 'Barbara', 'Garcia', '2011-09-23', 661),
(662, 'Barry', 'Mitchell', '1975-01-03', 662),
(663, 'Brittany', 'Hughes', '2002-10-16', 663),
(664, 'Michael', 'Morales', '2010-10-15', 664),
(665, 'Gregory', 'Koch', '2005-06-25', 665),
(666, 'Edward', 'Baldwin', '1991-11-28', 666),
(667, 'Joshua', 'Stevens', '1984-06-10', 667),
(668, 'Shirley', 'Bell', '1999-03-23', 668),
(669, 'Sherri', 'Lee', '2010-09-30', 669),
(670, 'Valerie', 'Cooper', '2008-05-02', 670),
(671, 'Carrie', 'Harris', '1995-01-29', 671),
(672, 'Shane', 'Gonzalez', '1981-01-01', 672),
(673, 'Jennifer', 'Diaz', '1974-02-04', 673),
(674, 'Stephen', 'Simmons', '2020-03-12', 674),
(675, 'Jennifer', 'Cook', '2016-01-03', 675),
(676, 'Katie', 'Powell', '1972-06-30', 676),
(677, 'Daniel', 'Sullivan', '1983-06-15', 677),
(678, 'Tracy', 'Mitchell', '1970-04-04', 678),
(679, 'Connor', 'Morris', '2018-01-06', 679),
(680, 'Adrienne', 'Zimmerman', '1989-07-22', 680),
(681, 'Patrick', 'Bass', '2022-10-28', 681),
(682, 'Denise', 'Gomez', '1995-07-27', 682),
(683, 'Justin', 'Mason', '1998-06-19', 683),
(684, 'Meagan', 'Reed', '1988-10-24', 684),
(685, 'Brenda', 'Griffin', '2005-10-06', 685),
(686, 'Deborah', 'Davis', '1983-07-14', 686),
(687, 'Brian', 'Welch', '2015-12-05', 687),
(688, 'Jeremy', 'Johnson', '1995-04-22', 688),
(689, 'William', 'Morales', '1974-01-13', 689),
(690, 'Bryan', 'Thomas', '2001-03-30', 690),
(691, 'John', 'Foster', '2022-03-26', 691),
(692, 'Alexis', 'Jackson', '1994-11-23', 692),
(693, 'Tina', 'Reynolds', '2008-02-25', 693),
(694, 'Ralph', 'Lane', '1997-06-16', 694),
(695, 'James', 'Mclaughlin', '1984-05-03', 695),
(696, 'John', 'Gardner', '1999-02-04', 696),
(697, 'Mario', 'Knight', '1992-05-03', 697),
(698, 'Tonya', 'Sanchez', '2007-06-05', 698),
(699, 'Alexis', 'Smith', '2006-03-10', 699),
(700, 'Rebecca', 'Harris', '2006-06-14', 700),
(701, 'Shannon', 'Williams', '1979-10-09', 701),
(702, 'Amanda', 'Ruiz', '1970-05-01', 702),
(703, 'Ashley', 'Smith', '1996-09-12', 703),
(704, 'Allison', 'Ferrell', '1978-08-28', 704),
(705, 'Kevin', 'Snyder', '1994-07-09', 705),
(706, 'Kari', 'Richard', '2013-08-03', 706),
(707, 'Kathryn', 'Moses', '2020-06-09', 707),
(708, 'Elizabeth', 'Hall', '1998-11-26', 708),
(709, 'Michael', 'Turner', '1981-07-13', 709),
(710, 'Mary', 'Murphy', '1970-02-15', 710),
(711, 'Kelly', 'Mckay', '2005-11-24', 711),
(712, 'Cynthia', 'Mcclure', '2002-01-01', 712),
(713, 'Sarah', 'Harris', '1988-07-20', 713),
(714, 'Christopher', 'Navarro', '1999-07-17', 714),
(715, 'Madison', 'Grant', '1997-12-02', 715),
(716, 'Ryan', 'Collier', '2024-11-05', 716),
(717, 'Megan', 'Lopez', '1970-01-06', 717),
(718, 'Curtis', 'Young', '1974-10-03', 718),
(719, 'Krista', 'Morris', '2017-05-30', 719),
(720, 'Brian', 'Hughes', '1995-04-11', 720),
(721, 'Lisa', 'Chapman', '1986-10-13', 721),
(722, 'Diane', 'Baker', '1991-08-27', 722),
(723, 'Donald', 'Goodwin', '1983-01-19', 723),
(724, 'Christopher', 'Mullins', '2015-03-27', 724),
(725, 'Mary', 'Rodriguez', '2018-05-29', 725),
(726, 'Jacqueline', 'Shaw', '1972-11-16', 726),
(727, 'William', 'Johnson', '1999-03-10', 727),
(728, 'Jo', 'Aguilar', '1979-01-20', 728),
(729, 'Julia', 'Thomas', '2019-11-18', 729),
(730, 'Marc', 'Mejia', '2004-06-04', 730),
(731, 'Gregory', 'Fuller', '1972-04-26', 731),
(732, 'Cory', 'Herrera', '1977-07-05', 732),
(733, 'Brian', 'Wheeler', '2012-01-21', 733),
(734, 'Tony', 'Little', '1993-09-09', 734),
(735, 'Sharon', 'Salinas', '1995-02-10', 735),
(736, 'Melissa', 'Campbell', '1987-08-03', 736),
(737, 'John', 'Guerrero', '1972-06-30', 737),
(738, 'Daniel', 'Aguirre', '2020-01-01', 738),
(739, 'Eric', 'Scott', '2001-12-24', 739),
(740, 'Nicole', 'Malone', '1984-07-10', 740),
(741, 'Malik', 'Carlson', '1986-06-03', 741),
(742, 'Randall', 'Cummings', '2018-06-10', 742),
(743, 'William', 'Young', '1984-11-08', 743),
(744, 'Rhonda', 'Booker', '1984-04-04', 744),
(745, 'Laurie', 'Bryant', '1987-08-29', 745),
(746, 'Elizabeth', 'Conner', '1974-07-08', 746),
(747, 'Tammy', 'Cruz', '2010-08-22', 747),
(748, 'Barry', 'Taylor', '1986-06-13', 748),
(749, 'Paul', 'Hogan', '1982-11-03', 749),
(750, 'Jennifer', 'Ford', '2019-08-03', 750),
(751, 'Anne', 'Doyle', '1978-11-21', 751),
(752, 'Katherine', 'Davis', '2008-11-16', 752),
(753, 'Melissa', 'Hahn', '1985-05-24', 753),
(754, 'Jonathan', 'Taylor', '2022-10-08', 754),
(755, 'Tracy', 'Anderson', '1988-05-06', 755),
(756, 'Penny', 'Rodriguez', '1983-05-26', 756),
(757, 'Danielle', 'Paul', '2022-06-30', 757),
(758, 'Richard', 'Terrell', '2021-05-07', 758),
(759, 'Jack', 'Kennedy', '2004-11-22', 759),
(760, 'Michael', 'Watkins', '2009-04-26', 760),
(761, 'Lorraine', 'Butler', '2003-02-23', 761),
(762, 'Joseph', 'Cook', '1979-09-11', 762),
(763, 'Kim', 'Hernandez', '2020-03-24', 763),
(764, 'Tracy', 'Miller', '2001-10-28', 764),
(765, 'Kelly', 'Rogers', '1988-01-07', 765),
(766, 'Jane', 'Brooks', '2004-09-04', 766),
(767, 'Amber', 'Bird', '1988-06-17', 767),
(768, 'Steve', 'Kerr', '1976-08-15', 768),
(769, 'Aaron', 'Reed', '1991-09-18', 769),
(770, 'Makayla', 'Baird', '1994-10-20', 770),
(771, 'Megan', 'Hernandez', '1989-09-06', 771),
(772, 'Courtney', 'Hughes', '1971-12-31', 772),
(773, 'Angel', 'Miller', '1986-12-31', 773),
(774, 'Luis', 'Simon', '2010-09-17', 774),
(775, 'James', 'Bird', '1983-05-26', 775),
(776, 'Matthew', 'Lawson', '1971-03-06', 776),
(777, 'Angela', 'Steele', '1972-01-28', 777),
(778, 'Kevin', 'Steele', '2002-08-13', 778),
(779, 'Katie', 'Fuentes', '1995-10-29', 779),
(780, 'James', 'King', '1992-08-10', 780),
(781, 'Darius', 'Duncan', '1981-12-24', 781),
(782, 'Emily', 'Williams', '1989-08-27', 782),
(783, 'Faith', 'Ayala', '2007-10-10', 783),
(784, 'Tyler', 'Allen', '2022-07-06', 784),
(785, 'Juan', 'Freeman', '1995-09-28', 785),
(786, 'Daniel', 'Smith', '1971-11-27', 786),
(787, 'Alice', 'Roth', '2016-06-15', 787),
(788, 'Jose', 'Lynch', '1972-09-10', 788),
(789, 'Julian', 'West', '2002-05-08', 789),
(790, 'Spencer', 'Pierce', '2016-02-25', 790),
(791, 'Julian', 'Best', '1977-06-03', 791),
(792, 'Shelly', 'Guzman', '2016-10-11', 792),
(793, 'Scott', 'Miller', '2007-10-22', 793),
(794, 'Brittney', 'Tapia', '1972-02-27', 794),
(795, 'Judy', 'Green', '1980-11-01', 795),
(796, 'Christina', 'Johnson', '2001-03-25', 796),
(797, 'Robert', 'Cortez', '1984-09-05', 797),
(798, 'Tristan', 'Butler', '2022-10-20', 798),
(799, 'Jeremy', 'Miller', '1973-09-24', 799),
(800, 'Tyler', 'Hopkins', '2011-04-30', 800),
(801, 'Zachary', 'Clements', '2006-12-23', 801),
(802, 'Todd', 'Hernandez', '2024-03-17', 802),
(803, 'Isabel', 'Lester', '2020-06-06', 803),
(804, 'Alicia', 'Wells', '1979-03-27', 804),
(805, 'Tina', 'Ritter', '1974-08-10', 805),
(806, 'Maria', 'Miller', '2019-05-30', 806),
(807, 'Zachary', 'Lozano', '2020-12-20', 807),
(808, 'Pamela', 'Bennett', '2008-02-03', 808),
(809, 'Christine', 'Gomez', '2023-09-02', 809),
(810, 'Matthew', 'Horn', '1987-07-02', 810),
(811, 'John', 'Adams', '2020-10-13', 811),
(812, 'Donna', 'Bauer', '1971-03-16', 812),
(813, 'Christine', 'Nichols', '1996-12-26', 813),
(814, 'Teresa', 'Rodriguez', '2011-07-05', 814),
(815, 'Heather', 'Parker', '1996-05-07', 815),
(816, 'Anthony', 'Sanchez', '2022-02-06', 816),
(817, 'James', 'Parks', '2004-11-28', 817),
(818, 'Matthew', 'Ramirez', '1986-03-15', 818),
(819, 'Tonya', 'Ellison', '1996-11-12', 819),
(820, 'Richard', 'Moon', '2003-03-07', 820),
(821, 'Michelle', 'Brooks', '2019-12-26', 821),
(822, 'Elizabeth', 'Torres', '1970-05-12', 822),
(823, 'Bradley', 'Henry', '2025-03-06', 823),
(824, 'Tracie', 'Wilson', '1990-07-28', 824),
(825, 'Christopher', 'Taylor', '2017-03-20', 825),
(826, 'Heather', 'Ramirez', '2006-11-27', 826),
(827, 'Jasmine', 'Swanson', '2019-03-06', 827),
(828, 'Adam', 'Hughes', '2011-03-25', 828),
(829, 'John', 'Patel', '2021-04-04', 829),
(830, 'Laura', 'Larson', '2017-03-05', 830),
(831, 'Christopher', 'Harris', '2024-04-20', 831),
(832, 'Dana', 'Ochoa', '1996-03-12', 832),
(833, 'Elizabeth', 'Taylor', '2005-06-09', 833),
(834, 'Andrew', 'Williams', '2001-01-19', 834),
(835, 'Allen', 'Taylor', '2012-05-14', 835),
(836, 'Patricia', 'Gonzalez', '1993-08-07', 836),
(837, 'Daniel', 'Smith', '1973-05-31', 837),
(838, 'Barbara', 'Hardy', '1981-09-23', 838),
(839, 'Patrick', 'Horn', '2005-07-27', 839),
(840, 'Thomas', 'Carroll', '1992-11-05', 840),
(841, 'David', 'Kidd', '2015-03-01', 841),
(842, 'Melanie', 'Wallace', '2007-04-03', 842),
(843, 'Bryan', 'Beck', '1976-09-28', 843),
(844, 'Mary', 'Campos', '2018-02-16', 844),
(845, 'Craig', 'Young', '2021-12-15', 845),
(846, 'Regina', 'Keller', '2011-12-24', 846),
(847, 'Jessica', 'King', '1994-06-04', 847),
(848, 'Jacqueline', 'Donovan', '1989-05-10', 848),
(849, 'Ian', 'Sanchez', '2001-06-24', 849),
(850, 'Lisa', 'Clark', '1980-03-05', 850),
(851, 'Catherine', 'Warren', '1997-05-13', 851),
(852, 'Peter', 'Ochoa', '2001-12-11', 852),
(853, 'Katherine', 'Becker', '1997-11-19', 853),
(854, 'Mary', 'Powell', '2012-03-21', 854),
(855, 'Christine', 'Rivas', '1989-07-13', 855),
(856, 'Aaron', 'Reynolds', '2011-06-03', 856),
(857, 'Katie', 'Suarez', '2004-01-03', 857),
(858, 'Kevin', 'Schmitt', '1989-06-14', 858),
(859, 'Dustin', 'Wilkerson', '1973-03-20', 859),
(860, 'Melinda', 'Ritter', '1980-01-18', 860),
(861, 'Charles', 'Davies', '2009-06-01', 861),
(862, 'Lisa', 'Baker', '2002-03-14', 862),
(863, 'Emily', 'Browning', '1976-03-02', 863),
(864, 'Justin', 'Goodman', '2015-01-05', 864),
(865, 'Roger', 'Walker', '1989-01-16', 865),
(866, 'Tammy', 'Allison', '2006-10-12', 866),
(867, 'Ernest', 'Ochoa', '1977-07-05', 867),
(868, 'Tiffany', 'Frazier', '2000-02-09', 868),
(869, 'Carolyn', 'Strickland', '1982-06-01', 869),
(870, 'George', 'Cantrell', '1982-07-09', 870),
(871, 'Sharon', 'Wilcox', '1989-01-31', 871),
(872, 'Paula', 'Small', '1992-01-26', 872),
(873, 'James', 'Flores', '2000-12-01', 873),
(874, 'Christie', 'Cline', '2018-10-09', 874),
(875, 'Jessica', 'Parker', '2010-03-03', 875),
(876, 'Carl', 'Miller', '1981-11-05', 876),
(877, 'Michael', 'Hubbard', '2013-12-06', 877),
(878, 'Arthur', 'Moreno', '2005-11-16', 878),
(879, 'Geoffrey', 'Galvan', '2011-09-11', 879),
(880, 'Tony', 'Webster', '2008-08-03', 880),
(881, 'Sara', 'Villanueva', '2020-01-31', 881),
(882, 'Cynthia', 'Brown', '1999-03-11', 882),
(883, 'Brianna', 'Jones', '2001-02-18', 883),
(884, 'Alisha', 'Petersen', '2002-02-06', 884),
(885, 'Nicholas', 'Brown', '1991-05-12', 885),
(886, 'John', 'Love', '1979-09-11', 886),
(887, 'Kenneth', 'Stewart', '1999-08-16', 887),
(888, 'Marcus', 'Reese', '1980-10-27', 888),
(889, 'Scott', 'Williams', '1997-12-03', 889),
(890, 'Lynn', 'Lambert', '1993-12-12', 890),
(891, 'Kenneth', 'Phillips', '1980-04-30', 891),
(892, 'Phillip', 'Valenzuela', '2022-05-18', 892),
(893, 'Valerie', 'Mcconnell', '1978-07-04', 893),
(894, 'Nicole', 'Weiss', '1996-10-08', 894),
(895, 'Karen', 'Sullivan', '2002-11-04', 895),
(896, 'Christopher', 'Miller', '2013-11-26', 896),
(897, 'Samantha', 'Pitts', '1982-09-16', 897),
(898, 'David', 'Petty', '1976-05-27', 898),
(899, 'Heather', 'Hernandez', '2007-06-10', 899),
(900, 'Ellen', 'Hernandez', '1977-02-01', 900),
(901, 'Maria', 'Barnes', '1984-05-29', 901),
(902, 'Victoria', 'Watson', '1972-02-11', 902),
(903, 'Patrick', 'Cook', '1990-04-07', 903),
(904, 'John', 'Simmons', '2016-08-11', 904),
(905, 'Michael', 'Hanna', '1978-12-30', 905),
(906, 'Sarah', 'Turner', '2007-11-21', 906),
(907, 'Eric', 'Malone', '2024-01-03', 907),
(908, 'Noah', 'Davis', '1997-12-03', 908),
(909, 'Jennifer', 'Marshall', '2017-01-26', 909),
(910, 'Tyler', 'Garcia', '1995-06-25', 910),
(911, 'Benjamin', 'Carter', '2011-02-22', 911),
(912, 'Jason', 'Zuniga', '2002-06-19', 912),
(913, 'Ryan', 'Flores', '1972-09-16', 913),
(914, 'Taylor', 'Smith', '1989-10-09', 914),
(915, 'Craig', 'Dennis', '1973-11-13', 915),
(916, 'Erica', 'Coleman', '2020-12-07', 916),
(917, 'Thomas', 'Gonzalez', '1993-10-25', 917),
(918, 'Karen', 'Martin', '2013-05-07', 918),
(919, 'Madison', 'Jones', '1977-02-08', 919),
(920, 'Michael', 'Bowman', '2013-03-13', 920),
(921, 'Jessica', 'Campbell', '1993-05-14', 921),
(922, 'Alexander', 'Gibson', '2006-10-24', 922),
(923, 'Alicia', 'Long', '1983-02-21', 923),
(924, 'Jonathan', 'Williams', '1972-11-05', 924),
(925, 'Mark', 'Schaefer', '2019-10-23', 925),
(926, 'Debra', 'Hall', '1974-07-27', 926),
(927, 'Kevin', 'Lester', '1998-06-28', 927),
(928, 'Daniel', 'Sutton', '1995-03-28', 928),
(929, 'Julie', 'Tyler', '1991-03-13', 929),
(930, 'Jay', 'Weiss', '1975-05-30', 930),
(931, 'Tonya', 'Hicks', '2004-06-10', 931),
(932, 'Ryan', 'Lee', '2017-05-31', 932),
(933, 'Julie', 'Wilson', '2004-10-03', 933),
(934, 'Ann', 'Davis', '2024-10-19', 934),
(935, 'Jeremiah', 'Arnold', '1995-03-28', 935),
(936, 'Cassandra', 'Monroe', '2009-02-21', 936),
(937, 'Tina', 'Sullivan', '1978-06-12', 937),
(938, 'Alison', 'Mckenzie', '2002-01-22', 938),
(939, 'Nicole', 'Gilbert', '2009-05-20', 939),
(940, 'Candice', 'Mcbride', '2025-05-03', 940),
(941, 'Paige', 'Espinoza', '1971-08-30', 941),
(942, 'Angela', 'Mcguire', '2005-12-03', 942),
(943, 'Roberto', 'Sparks', '1983-04-29', 943),
(944, 'Lauren', 'Howard', '2015-01-21', 944),
(945, 'Kimberly', 'Wood', '1991-08-23', 945),
(946, 'Paul', 'Kelley', '1999-09-08', 946),
(947, 'Elizabeth', 'Williams', '2001-01-30', 947),
(948, 'James', 'Valdez', '1976-11-13', 948),
(949, 'Hunter', 'Evans', '1993-08-27', 949),
(950, 'Tina', 'Robertson', '2019-03-17', 950),
(951, 'Laura', 'Evans', '1976-10-22', 951),
(952, 'Lisa', 'Long', '1971-07-05', 952),
(953, 'Leonard', 'Rodriguez', '1994-07-16', 953),
(954, 'Noah', 'Edwards', '2017-11-03', 954),
(955, 'Laura', 'Martinez', '1988-06-22', 955),
(956, 'Kristy', 'Pearson', '2015-06-13', 956),
(957, 'Julie', 'Wong', '1979-12-11', 957),
(958, 'William', 'Wilkinson', '2001-10-01', 958),
(959, 'Nicholas', 'Gordon', '1988-06-20', 959),
(960, 'Phillip', 'Cummings', '1970-11-29', 960),
(961, 'Jacob', 'Kim', '2001-12-24', 961),
(962, 'Michelle', 'Murphy', '1998-12-06', 962),
(963, 'Courtney', 'Brown', '2015-02-10', 963),
(964, 'Anita', 'Gomez', '1974-01-17', 964),
(965, 'Jacob', 'Carter', '1976-02-06', 965),
(966, 'David', 'Ross', '1993-12-17', 966),
(967, 'Robert', 'Johnson', '2001-09-20', 967),
(968, 'William', 'Ferguson', '2013-04-30', 968),
(969, 'Christopher', 'Walton', '2001-06-24', 969),
(970, 'Brandon', 'Gonzalez', '2004-05-30', 970),
(971, 'George', 'Brown', '1991-03-24', 971),
(972, 'Jason', 'Carrillo', '1981-03-28', 972),
(973, 'Katherine', 'Johnson', '1997-11-06', 973),
(974, 'Michael', 'Gomez', '1973-06-26', 974),
(975, 'Nancy', 'Hill', '1983-04-28', 975),
(976, 'Steven', 'Taylor', '1974-08-17', 976),
(977, 'Shannon', 'Duke', '1984-11-17', 977),
(978, 'Dana', 'Pope', '1972-03-21', 978),
(979, 'James', 'Mccullough', '1973-07-12', 979),
(980, 'Mary', 'Mcdonald', '1996-05-31', 980),
(981, 'Anna', 'Brown', '2016-04-08', 981),
(982, 'Dana', 'Fernandez', '2021-11-14', 982),
(983, 'Samantha', 'Gomez', '2015-04-08', 983),
(984, 'Ashley', 'Valdez', '1995-12-15', 984),
(985, 'Fred', 'Todd', '2004-09-04', 985),
(986, 'Stephen', 'Harris', '1984-03-31', 986),
(987, 'Richard', 'Beasley', '1993-12-11', 987),
(988, 'Rebecca', 'Elliott', '1998-03-22', 988),
(989, 'Susan', 'Ray', '2005-11-23', 989),
(990, 'David', 'Rivera', '2014-01-26', 990),
(991, 'Mary', 'Shields', '1979-03-17', 991),
(992, 'Christopher', 'Mooney', '1982-02-07', 992),
(993, 'Connie', 'Dickson', '1980-08-10', 993),
(994, 'Cameron', 'Bennett', '1984-11-11', 994),
(995, 'Ann', 'Smith', '1977-07-14', 995),
(996, 'Ashley', 'Kerr', '1996-05-13', 996),
(997, 'David', 'Garcia', '1990-08-18', 997),
(998, 'Robin', 'Grimes', '2008-01-22', 998),
(999, 'Amy', 'Walker', '2023-12-01', 999),
(1000, 'Joel', 'Reyes', '1977-11-03', 1000),
(1001, 'John', 'Wade', '1992-10-24', 1001),
(1002, 'Curtis', 'Griffin', '1978-09-07', 1002),
(1003, 'Brian', 'Smith', '1998-04-17', 1003),
(1004, 'Brittany', 'Bruce', '1972-02-15', 1004),
(1005, 'Sarah', 'Owens', '1977-04-03', 1005),
(1006, 'Cynthia', 'Ortiz', '2002-05-15', 1006),
(1007, 'Sean', 'Bryant', '2018-11-30', 1007),
(1008, 'Matthew', 'Martin', '1999-03-02', 1008),
(1009, 'Shelly', 'Ayala', '1978-05-20', 1009),
(1010, 'April', 'Murphy', '2003-05-29', 1010),
(1011, 'Matthew', 'Todd', '1987-09-04', 1011),
(1012, 'Michael', 'Bowman', '2001-06-05', 1012),
(1013, 'William', 'Perez', '1983-08-02', 1013),
(1014, 'William', 'Williams', '1994-01-02', 1014),
(1015, 'Ashley', 'Nelson', '2005-06-05', 1015),
(1016, 'Andrew', 'Chen', '2001-02-09', 1016),
(1017, 'David', 'Simmons', '2005-03-08', 1017),
(1018, 'Debra', 'Johnson', '2010-11-01', 1018),
(1019, 'Jeremy', 'Schultz', '1972-06-29', 1019),
(1020, 'Jennifer', 'Gibson', '1995-12-20', 1020),
(1021, 'James', 'Wong', '1971-09-10', 1021),
(1022, 'Kyle', 'Bailey', '2001-01-05', 1022),
(1023, 'Robert', 'Guerrero', '1999-01-28', 1023),
(1024, 'Jill', 'Williams', '1997-05-25', 1024);

INSERT INTO teachers (teacher_id, first_name, last_name, subject_id) VALUES
(1, 'Mega', 'Teacher', 1);

INSERT INTO lessons (lesson_id, date, class_id, subject_id) VALUES
(1, '2001-06-28', 1, 1),
(2, '2007-04-05', 2, 1),
(3, '1976-04-17', 3, 1),
(4, '2002-08-10', 4, 1),
(5, '1987-11-06', 5, 1),
(6, '1970-09-17', 6, 1),
(7, '1988-01-06', 7, 1),
(8, '1999-12-01', 8, 1),
(9, '2018-10-08', 9, 1),
(10, '1982-04-01', 10, 1),
(11, '2013-07-24', 11, 1),
(12, '2002-12-03', 12, 1),
(13, '1975-06-05', 13, 1),
(14, '2007-10-23', 14, 1),
(15, '2020-04-17', 15, 1),
(16, '1975-12-14', 16, 1),
(17, '2024-01-12', 17, 1),
(18, '2025-02-24', 18, 1),
(19, '2014-05-29', 19, 1),
(20, '1986-06-24', 20, 1),
(21, '2003-03-20', 21, 1),
(22, '1974-04-11', 22, 1),
(23, '2001-01-22', 23, 1),
(24, '1990-07-29', 24, 1),
(25, '2019-04-22', 25, 1),
(26, '2009-10-15', 26, 1),
(27, '1978-01-31', 27, 1),
(28, '1970-11-28', 28, 1),
(29, '1993-05-16', 29, 1),
(30, '1975-06-20', 30, 1),
(31, '2011-04-22', 31, 1),
(32, '1983-03-28', 32, 1),
(33, '2023-09-23', 33, 1),
(34, '2015-06-04', 34, 1),
(35, '1989-07-22', 35, 1),
(36, '1972-10-31', 36, 1),
(37, '2017-05-19', 37, 1),
(38, '2004-04-04', 38, 1),
(39, '2006-11-15', 39, 1),
(40, '1975-06-08', 40, 1),
(41, '1992-04-04', 41, 1),
(42, '1981-07-13', 42, 1),
(43, '2002-08-15', 43, 1),
(44, '1984-07-11', 44, 1),
(45, '2015-05-25', 45, 1),
(46, '1992-10-24', 46, 1),
(47, '2023-10-07', 47, 1),
(48, '2019-11-07', 48, 1),
(49, '1995-10-03', 49, 1),
(50, '2024-09-20', 50, 1),
(51, '1979-11-18', 51, 1),
(52, '1974-07-09', 52, 1),
(53, '1991-03-03', 53, 1),
(54, '2012-08-22', 54, 1),
(55, '1994-03-27', 55, 1),
(56, '1979-07-06', 56, 1),
(57, '2023-07-27', 57, 1),
(58, '1975-11-01', 58, 1),
(59, '1984-02-27', 59, 1),
(60, '1989-02-17', 60, 1),
(61, '1985-04-26', 61, 1),
(62, '2001-06-07', 62, 1),
(63, '2003-02-09', 63, 1),
(64, '2024-08-08', 64, 1),
(65, '1973-11-07', 65, 1),
(66, '2022-10-05', 66, 1),
(67, '1972-11-24', 67, 1),
(68, '1972-05-26', 68, 1),
(69, '1991-04-11', 69, 1),
(70, '1982-01-03', 70, 1),
(71, '1982-03-06', 71, 1),
(72, '2018-08-25', 72, 1),
(73, '2024-06-16', 73, 1),
(74, '1987-10-31', 74, 1),
(75, '2022-02-24', 75, 1),
(76, '1985-05-27', 76, 1),
(77, '1972-06-26', 77, 1),
(78, '1996-06-18', 78, 1),
(79, '1999-02-25', 79, 1),
(80, '1976-05-02', 80, 1),
(81, '1985-07-03', 81, 1),
(82, '1996-10-29', 82, 1),
(83, '2015-11-22', 83, 1),
(84, '1992-06-18', 84, 1),
(85, '1997-02-22', 85, 1),
(86, '1985-05-29', 86, 1),
(87, '1973-09-20', 87, 1),
(88, '1979-06-07', 88, 1),
(89, '1975-09-28', 89, 1),
(90, '2019-11-19', 90, 1),
(91, '2021-10-14', 91, 1),
(92, '2025-02-09', 92, 1),
(93, '1988-05-18', 93, 1),
(94, '2016-11-22', 94, 1),
(95, '2006-04-08', 95, 1),
(96, '1977-11-18', 96, 1),
(97, '2003-01-28', 97, 1),
(98, '1977-05-19', 98, 1),
(99, '2002-06-09', 99, 1),
(100, '2000-11-20', 100, 1),
(101, '1993-05-28', 101, 1),
(102, '2008-06-05', 102, 1),
(103, '1985-04-14', 103, 1),
(104, '1984-11-18', 104, 1),
(105, '1976-03-20', 105, 1),
(106, '2020-09-08', 106, 1),
(107, '2007-02-13', 107, 1),
(108, '1990-09-13', 108, 1),
(109, '1992-12-19', 109, 1),
(110, '1975-07-22', 110, 1),
(111, '2002-05-09', 111, 1),
(112, '2009-11-15', 112, 1),
(113, '1999-01-30', 113, 1),
(114, '1988-07-13', 114, 1),
(115, '2020-07-23', 115, 1),
(116, '2025-04-15', 116, 1),
(117, '2009-01-31', 117, 1),
(118, '1987-01-29', 118, 1),
(119, '2020-12-27', 119, 1),
(120, '2012-12-11', 120, 1),
(121, '1989-12-24', 121, 1),
(122, '2025-04-13', 122, 1),
(123, '1989-09-19', 123, 1),
(124, '1992-10-31', 124, 1),
(125, '2010-11-06', 125, 1),
(126, '1989-05-24', 126, 1),
(127, '1975-01-02', 127, 1),
(128, '2022-07-02', 128, 1),
(129, '2019-12-26', 129, 1),
(130, '1981-05-15', 130, 1),
(131, '2003-03-24', 131, 1),
(132, '1980-10-15', 132, 1),
(133, '2013-09-10', 133, 1),
(134, '1998-09-06', 134, 1),
(135, '1980-05-20', 135, 1),
(136, '2023-08-10', 136, 1),
(137, '2013-04-20', 137, 1),
(138, '2022-01-09', 138, 1),
(139, '2009-12-16', 139, 1),
(140, '2015-08-17', 140, 1),
(141, '2016-03-22', 141, 1),
(142, '1976-01-15', 142, 1),
(143, '1991-01-20', 143, 1),
(144, '1978-04-04', 144, 1),
(145, '2002-11-11', 145, 1),
(146, '1990-01-12', 146, 1),
(147, '1996-08-02', 147, 1),
(148, '2010-03-29', 148, 1),
(149, '2007-02-21', 149, 1),
(150, '2017-07-13', 150, 1),
(151, '2001-09-11', 151, 1),
(152, '1984-12-23', 152, 1),
(153, '2025-01-08', 153, 1),
(154, '2013-01-09', 154, 1),
(155, '1973-07-01', 155, 1),
(156, '1976-05-18', 156, 1),
(157, '1993-02-17', 157, 1),
(158, '2013-07-27', 158, 1),
(159, '2004-08-13', 159, 1),
(160, '2006-09-24', 160, 1),
(161, '1974-12-03', 161, 1),
(162, '1986-02-10', 162, 1),
(163, '2019-01-01', 163, 1),
(164, '2004-09-30', 164, 1),
(165, '1993-10-27', 165, 1),
(166, '2005-05-08', 166, 1),
(167, '1979-06-02', 167, 1),
(168, '1994-10-11', 168, 1),
(169, '1999-02-11', 169, 1),
(170, '1988-12-04', 170, 1),
(171, '2018-05-16', 171, 1),
(172, '1988-12-22', 172, 1),
(173, '2019-04-16', 173, 1),
(174, '1981-04-29', 174, 1),
(175, '2005-03-10', 175, 1),
(176, '1971-11-06', 176, 1),
(177, '1972-01-12', 177, 1),
(178, '2016-10-21', 178, 1),
(179, '2001-10-27', 179, 1),
(180, '2025-04-04', 180, 1),
(181, '2002-01-22', 181, 1),
(182, '1994-11-21', 182, 1),
(183, '1970-02-17', 183, 1),
(184, '1977-12-11', 184, 1),
(185, '2014-05-10', 185, 1),
(186, '1983-10-02', 186, 1),
(187, '1992-09-20', 187, 1),
(188, '2020-06-20', 188, 1),
(189, '2020-03-19', 189, 1),
(190, '1982-12-29', 190, 1),
(191, '2011-03-01', 191, 1),
(192, '1978-01-11', 192, 1),
(193, '1984-08-04', 193, 1),
(194, '1990-12-26', 194, 1),
(195, '1982-07-24', 195, 1),
(196, '1994-04-18', 196, 1),
(197, '2019-06-12', 197, 1),
(198, '2018-01-21', 198, 1),
(199, '1993-11-07', 199, 1),
(200, '2013-09-07', 200, 1),
(201, '1971-09-13', 201, 1),
(202, '1972-03-14', 202, 1),
(203, '1990-03-19', 203, 1),
(204, '2015-08-15', 204, 1),
(205, '1999-01-17', 205, 1),
(206, '2006-06-28', 206, 1),
(207, '2004-12-06', 207, 1),
(208, '1992-04-04', 208, 1),
(209, '1973-08-20', 209, 1),
(210, '1974-12-07', 210, 1),
(211, '1980-10-27', 211, 1),
(212, '1989-12-04', 212, 1),
(213, '2003-11-10', 213, 1),
(214, '1976-08-24', 214, 1),
(215, '1993-07-15', 215, 1),
(216, '2000-02-12', 216, 1),
(217, '1974-01-03', 217, 1),
(218, '2021-04-25', 218, 1),
(219, '2015-12-28', 219, 1),
(220, '2003-02-26', 220, 1),
(221, '2016-01-02', 221, 1),
(222, '1974-06-07', 222, 1),
(223, '2014-02-23', 223, 1),
(224, '1983-09-23', 224, 1),
(225, '2022-04-03', 225, 1),
(226, '2008-08-18', 226, 1),
(227, '1978-03-25', 227, 1),
(228, '2000-08-06', 228, 1),
(229, '1979-05-03', 229, 1),
(230, '2004-05-17', 230, 1),
(231, '1977-01-01', 231, 1),
(232, '2017-08-28', 232, 1),
(233, '2002-07-20', 233, 1),
(234, '1997-01-10', 234, 1),
(235, '2012-02-26', 235, 1),
(236, '1986-07-06', 236, 1),
(237, '1980-04-01', 237, 1),
(238, '2003-04-10', 238, 1),
(239, '1998-03-18', 239, 1),
(240, '2016-03-04', 240, 1),
(241, '2005-12-15', 241, 1),
(242, '1989-12-05', 242, 1),
(243, '1981-03-08', 243, 1),
(244, '1980-04-09', 244, 1),
(245, '1978-04-26', 245, 1),
(246, '2015-07-29', 246, 1),
(247, '2005-08-30', 247, 1),
(248, '2010-02-22', 248, 1),
(249, '1992-10-31', 249, 1),
(250, '1972-12-30', 250, 1),
(251, '1992-05-20', 251, 1),
(252, '1989-08-05', 252, 1),
(253, '2005-05-23', 253, 1),
(254, '1981-01-31', 254, 1),
(255, '1999-10-09', 255, 1),
(256, '2001-12-05', 256, 1),
(257, '2011-06-14', 257, 1),
(258, '1998-03-17', 258, 1),
(259, '1990-07-01', 259, 1),
(260, '1990-11-06', 260, 1),
(261, '1997-06-25', 261, 1),
(262, '1988-12-29', 262, 1),
(263, '1989-08-20', 263, 1),
(264, '1993-10-20', 264, 1),
(265, '1989-12-20', 265, 1),
(266, '2002-11-10', 266, 1),
(267, '2016-07-13', 267, 1),
(268, '1979-04-01', 268, 1),
(269, '1997-11-21', 269, 1),
(270, '2017-12-22', 270, 1),
(271, '1988-08-10', 271, 1),
(272, '2013-09-20', 272, 1),
(273, '2006-11-26', 273, 1),
(274, '2023-07-15', 274, 1),
(275, '1972-05-28', 275, 1),
(276, '1987-05-25', 276, 1),
(277, '2022-02-08', 277, 1),
(278, '1990-04-05', 278, 1),
(279, '1989-06-10', 279, 1),
(280, '1972-02-04', 280, 1),
(281, '1984-11-27', 281, 1),
(282, '1987-11-16', 282, 1),
(283, '1989-07-27', 283, 1),
(284, '1998-08-13', 284, 1),
(285, '1971-11-05', 285, 1),
(286, '2015-07-26', 286, 1),
(287, '1997-07-27', 287, 1),
(288, '1983-01-15', 288, 1),
(289, '2003-03-25', 289, 1),
(290, '1981-11-16', 290, 1),
(291, '2002-06-02', 291, 1),
(292, '1991-10-30', 292, 1),
(293, '1971-08-04', 293, 1),
(294, '1985-12-01', 294, 1),
(295, '1989-04-12', 295, 1),
(296, '1989-01-27', 296, 1),
(297, '2018-05-29', 297, 1),
(298, '2008-02-13', 298, 1),
(299, '1984-02-05', 299, 1),
(300, '2005-03-13', 300, 1),
(301, '2015-06-07', 301, 1),
(302, '2017-08-05', 302, 1),
(303, '1985-05-03', 303, 1),
(304, '1970-09-14', 304, 1),
(305, '1975-07-21', 305, 1),
(306, '2003-05-06', 306, 1),
(307, '1988-10-08', 307, 1),
(308, '2011-11-19', 308, 1),
(309, '1992-06-17', 309, 1),
(310, '2023-06-18', 310, 1),
(311, '2010-09-06', 311, 1),
(312, '1997-01-31', 312, 1),
(313, '1986-11-08', 313, 1),
(314, '1986-09-28', 314, 1),
(315, '1976-04-19', 315, 1),
(316, '1995-09-05', 316, 1),
(317, '1991-04-17', 317, 1),
(318, '1992-01-31', 318, 1),
(319, '2002-02-03', 319, 1),
(320, '1974-11-08', 320, 1),
(321, '2024-06-22', 321, 1),
(322, '1979-10-03', 322, 1),
(323, '1991-03-16', 323, 1),
(324, '2010-02-08', 324, 1),
(325, '1992-08-04', 325, 1),
(326, '2024-01-10', 326, 1),
(327, '2024-09-18', 327, 1),
(328, '1973-05-06', 328, 1),
(329, '2002-12-26', 329, 1),
(330, '1970-09-12', 330, 1),
(331, '1973-06-04', 331, 1),
(332, '2009-07-19', 332, 1),
(333, '1984-12-21', 333, 1),
(334, '1974-05-23', 334, 1),
(335, '1981-11-05', 335, 1),
(336, '2010-04-19', 336, 1),
(337, '2001-08-25', 337, 1),
(338, '2005-11-26', 338, 1),
(339, '1985-12-05', 339, 1),
(340, '1970-05-29', 340, 1),
(341, '1976-06-19', 341, 1),
(342, '2017-03-15', 342, 1),
(343, '2022-03-22', 343, 1),
(344, '1979-03-09', 344, 1),
(345, '1972-10-29', 345, 1),
(346, '2019-04-08', 346, 1),
(347, '1981-03-10', 347, 1),
(348, '2008-06-13', 348, 1),
(349, '1994-01-06', 349, 1),
(350, '2019-10-17', 350, 1),
(351, '1987-09-02', 351, 1),
(352, '2005-01-08', 352, 1),
(353, '2021-07-06', 353, 1),
(354, '1980-04-02', 354, 1),
(355, '1975-01-05', 355, 1),
(356, '1994-12-22', 356, 1),
(357, '1971-08-23', 357, 1),
(358, '2014-12-20', 358, 1),
(359, '2001-07-23', 359, 1),
(360, '1983-11-03', 360, 1),
(361, '1998-09-07', 361, 1),
(362, '2012-02-21', 362, 1),
(363, '1991-05-05', 363, 1),
(364, '1972-06-25', 364, 1),
(365, '2012-06-07', 365, 1),
(366, '2010-06-07', 366, 1),
(367, '1976-04-03', 367, 1),
(368, '2003-06-21', 368, 1),
(369, '2001-01-06', 369, 1),
(370, '1995-05-11', 370, 1),
(371, '1974-12-15', 371, 1),
(372, '2006-06-09', 372, 1),
(373, '1993-12-09', 373, 1),
(374, '1985-10-08', 374, 1),
(375, '1976-09-23', 375, 1),
(376, '1988-02-02', 376, 1),
(377, '1990-03-28', 377, 1),
(378, '1981-10-31', 378, 1),
(379, '1973-01-16', 379, 1),
(380, '2009-03-27', 380, 1),
(381, '1970-12-05', 381, 1),
(382, '2014-10-17', 382, 1),
(383, '1993-10-03', 383, 1),
(384, '2024-05-25', 384, 1),
(385, '1972-03-15', 385, 1),
(386, '2019-11-07', 386, 1),
(387, '2005-06-05', 387, 1),
(388, '2022-06-05', 388, 1),
(389, '1975-06-29', 389, 1),
(390, '1986-04-14', 390, 1),
(391, '2004-01-23', 391, 1),
(392, '1972-11-21', 392, 1),
(393, '2024-09-12', 393, 1),
(394, '2003-05-03', 394, 1),
(395, '2008-03-23', 395, 1),
(396, '2006-01-25', 396, 1),
(397, '2024-08-29', 397, 1),
(398, '1980-07-06', 398, 1),
(399, '1980-09-21', 399, 1),
(400, '1980-02-25', 400, 1),
(401, '1973-03-25', 401, 1),
(402, '2006-09-17', 402, 1),
(403, '2015-09-07', 403, 1),
(404, '2018-01-26', 404, 1),
(405, '1991-08-01', 405, 1),
(406, '2010-02-20', 406, 1),
(407, '1993-01-18', 407, 1),
(408, '1996-12-10', 408, 1),
(409, '1972-10-18', 409, 1),
(410, '2023-11-15', 410, 1),
(411, '1971-05-14', 411, 1),
(412, '1999-09-27', 412, 1),
(413, '2024-10-06', 413, 1),
(414, '2008-11-09', 414, 1),
(415, '2006-08-11', 415, 1),
(416, '2021-01-18', 416, 1),
(417, '2022-06-05', 417, 1),
(418, '2010-01-06', 418, 1),
(419, '1976-08-12', 419, 1),
(420, '2023-06-20', 420, 1),
(421, '1998-11-13', 421, 1),
(422, '1978-03-08', 422, 1),
(423, '2013-01-08', 423, 1),
(424, '1996-09-22', 424, 1),
(425, '2008-06-16', 425, 1),
(426, '1970-06-04', 426, 1),
(427, '1994-05-11', 427, 1),
(428, '1973-03-20', 428, 1),
(429, '2025-01-12', 429, 1),
(430, '1981-07-07', 430, 1),
(431, '1998-12-30', 431, 1),
(432, '1973-03-26', 432, 1),
(433, '2010-03-25', 433, 1),
(434, '2021-10-21', 434, 1),
(435, '1990-06-29', 435, 1),
(436, '2005-08-06', 436, 1),
(437, '1987-10-06', 437, 1),
(438, '1978-03-19', 438, 1),
(439, '1979-01-20', 439, 1),
(440, '1999-04-06', 440, 1),
(441, '1990-02-12', 441, 1),
(442, '1970-11-21', 442, 1),
(443, '2011-06-12', 443, 1),
(444, '2003-02-09', 444, 1),
(445, '1970-07-13', 445, 1),
(446, '2019-09-03', 446, 1),
(447, '1995-02-28', 447, 1),
(448, '2006-05-01', 448, 1),
(449, '2006-03-31', 449, 1),
(450, '1989-12-30', 450, 1),
(451, '1991-12-16', 451, 1),
(452, '2022-07-11', 452, 1),
(453, '1973-01-22', 453, 1),
(454, '2005-11-27', 454, 1),
(455, '2013-09-23', 455, 1),
(456, '1971-12-04', 456, 1),
(457, '1972-03-20', 457, 1),
(458, '1993-04-22', 458, 1),
(459, '2021-09-06', 459, 1),
(460, '2001-01-22', 460, 1),
(461, '1973-05-10', 461, 1),
(462, '1980-01-03', 462, 1),
(463, '2003-01-09', 463, 1),
(464, '2021-11-28', 464, 1),
(465, '1989-09-18', 465, 1),
(466, '1974-09-20', 466, 1),
(467, '1971-04-10', 467, 1),
(468, '1985-08-05', 468, 1),
(469, '2005-02-08', 469, 1),
(470, '1979-10-08', 470, 1),
(471, '2023-07-02', 471, 1),
(472, '2001-06-02', 472, 1),
(473, '2001-06-30', 473, 1),
(474, '1983-11-08', 474, 1),
(475, '2023-02-25', 475, 1),
(476, '2013-12-25', 476, 1),
(477, '2014-05-26', 477, 1),
(478, '2014-09-22', 478, 1),
(479, '2021-01-20', 479, 1),
(480, '1989-07-14', 480, 1),
(481, '1970-11-20', 481, 1),
(482, '1977-01-19', 482, 1),
(483, '1971-04-12', 483, 1),
(484, '1994-12-06', 484, 1),
(485, '1994-10-09', 485, 1),
(486, '1997-09-19', 486, 1),
(487, '1970-09-28', 487, 1),
(488, '1976-05-09', 488, 1),
(489, '1999-11-20', 489, 1),
(490, '1970-10-23', 490, 1),
(491, '2000-08-13', 491, 1),
(492, '1978-06-26', 492, 1),
(493, '2010-07-17', 493, 1),
(494, '2019-05-17', 494, 1),
(495, '2018-10-14', 495, 1),
(496, '1994-03-04', 496, 1),
(497, '1987-11-05', 497, 1),
(498, '2004-11-20', 498, 1),
(499, '1982-07-30', 499, 1),
(500, '1996-07-01', 500, 1),
(501, '1980-10-26', 501, 1),
(502, '1992-02-20', 502, 1),
(503, '1982-04-07', 503, 1),
(504, '1997-12-06', 504, 1),
(505, '2005-08-14', 505, 1),
(506, '2020-09-26', 506, 1),
(507, '1978-10-07', 507, 1),
(508, '1980-02-27', 508, 1),
(509, '2009-02-04', 509, 1),
(510, '2015-11-09', 510, 1),
(511, '1981-07-13', 511, 1),
(512, '2009-06-05', 512, 1),
(513, '1986-04-01', 513, 1),
(514, '2013-09-04', 514, 1),
(515, '1977-07-20', 515, 1),
(516, '1995-05-22', 516, 1),
(517, '1996-12-12', 517, 1),
(518, '2005-06-08', 518, 1),
(519, '1991-07-23', 519, 1),
(520, '2024-07-23', 520, 1),
(521, '1988-04-24', 521, 1),
(522, '2000-01-02', 522, 1),
(523, '2023-02-27', 523, 1),
(524, '1996-09-26', 524, 1),
(525, '1987-10-21', 525, 1),
(526, '1997-11-30', 526, 1),
(527, '2003-01-24', 527, 1),
(528, '1982-04-08', 528, 1),
(529, '1974-02-10', 529, 1),
(530, '1975-12-18', 530, 1),
(531, '2001-02-21', 531, 1),
(532, '2009-07-26', 532, 1),
(533, '1979-08-17', 533, 1),
(534, '1990-02-21', 534, 1),
(535, '1997-05-14', 535, 1),
(536, '2013-02-13', 536, 1),
(537, '2017-07-25', 537, 1),
(538, '1996-12-11', 538, 1),
(539, '2002-02-08', 539, 1),
(540, '2012-10-10', 540, 1),
(541, '2022-04-25', 541, 1),
(542, '2023-09-02', 542, 1),
(543, '1998-07-22', 543, 1),
(544, '1973-04-19', 544, 1),
(545, '1986-12-04', 545, 1),
(546, '2010-06-16', 546, 1),
(547, '1996-10-01', 547, 1),
(548, '1992-11-09', 548, 1),
(549, '1984-08-01', 549, 1),
(550, '1986-07-12', 550, 1),
(551, '1974-10-27', 551, 1),
(552, '1998-04-11', 552, 1),
(553, '1970-06-19', 553, 1),
(554, '1981-11-06', 554, 1),
(555, '2016-09-16', 555, 1),
(556, '2006-09-12', 556, 1),
(557, '1989-01-17', 557, 1),
(558, '2021-03-01', 558, 1),
(559, '2004-03-29', 559, 1),
(560, '2022-12-01', 560, 1),
(561, '1991-09-08', 561, 1),
(562, '1995-03-03', 562, 1),
(563, '1983-04-29', 563, 1),
(564, '2022-11-26', 564, 1),
(565, '1999-11-29', 565, 1),
(566, '1987-12-15', 566, 1),
(567, '1980-12-27', 567, 1),
(568, '1985-01-12', 568, 1),
(569, '2013-08-29', 569, 1),
(570, '1991-05-31', 570, 1),
(571, '1974-02-18', 571, 1),
(572, '2002-08-19', 572, 1),
(573, '2000-04-13', 573, 1),
(574, '2014-04-16', 574, 1),
(575, '1979-08-14', 575, 1),
(576, '2002-10-29', 576, 1),
(577, '1997-02-09', 577, 1),
(578, '2002-07-27', 578, 1),
(579, '2005-02-26', 579, 1),
(580, '2013-04-09', 580, 1),
(581, '1997-07-07', 581, 1),
(582, '1977-01-02', 582, 1),
(583, '1977-02-28', 583, 1),
(584, '1981-06-11', 584, 1),
(585, '1987-11-03', 585, 1),
(586, '2019-12-10', 586, 1),
(587, '2021-11-13', 587, 1),
(588, '2019-06-13', 588, 1),
(589, '1987-08-14', 589, 1),
(590, '1995-08-04', 590, 1),
(591, '2013-12-25', 591, 1),
(592, '2001-12-13', 592, 1),
(593, '2008-11-10', 593, 1),
(594, '1972-12-31', 594, 1),
(595, '1981-05-01', 595, 1),
(596, '2008-11-17', 596, 1),
(597, '2010-05-05', 597, 1),
(598, '1994-08-11', 598, 1),
(599, '2003-10-18', 599, 1),
(600, '1984-05-03', 600, 1),
(601, '1973-07-04', 601, 1),
(602, '1978-10-13', 602, 1),
(603, '1975-04-12', 603, 1),
(604, '1998-01-18', 604, 1),
(605, '1991-04-02', 605, 1),
(606, '2012-08-08', 606, 1),
(607, '1975-02-27', 607, 1),
(608, '1978-10-08', 608, 1),
(609, '2019-06-10', 609, 1),
(610, '2015-01-17', 610, 1),
(611, '1979-08-30', 611, 1),
(612, '1984-07-12', 612, 1),
(613, '1976-04-17', 613, 1),
(614, '1988-01-12', 614, 1),
(615, '2011-02-22', 615, 1),
(616, '1997-11-05', 616, 1),
(617, '1978-10-28', 617, 1),
(618, '1987-02-28', 618, 1),
(619, '2023-12-01', 619, 1),
(620, '2012-03-13', 620, 1),
(621, '2010-05-26', 621, 1),
(622, '2020-08-03', 622, 1),
(623, '1972-08-11', 623, 1),
(624, '1994-06-06', 624, 1),
(625, '2001-08-10', 625, 1),
(626, '2024-04-27', 626, 1),
(627, '2005-05-06', 627, 1),
(628, '1974-05-07', 628, 1),
(629, '2025-01-03', 629, 1),
(630, '2008-01-11', 630, 1),
(631, '1979-09-15', 631, 1),
(632, '1974-06-11', 632, 1),
(633, '2000-07-04', 633, 1),
(634, '1982-12-31', 634, 1),
(635, '1992-01-25', 635, 1),
(636, '1973-04-08', 636, 1),
(637, '2023-10-20', 637, 1),
(638, '1983-10-12', 638, 1),
(639, '1998-02-20', 639, 1),
(640, '2019-07-01', 640, 1),
(641, '2002-09-29', 641, 1),
(642, '1999-08-20', 642, 1),
(643, '2007-08-04', 643, 1),
(644, '1981-06-27', 644, 1),
(645, '1982-06-23', 645, 1),
(646, '1972-05-17', 646, 1),
(647, '2016-02-13', 647, 1),
(648, '2021-04-08', 648, 1),
(649, '1997-09-12', 649, 1),
(650, '2012-07-28', 650, 1),
(651, '1990-12-17', 651, 1),
(652, '1986-09-13', 652, 1),
(653, '1979-01-21', 653, 1),
(654, '1990-03-13', 654, 1),
(655, '1978-09-22', 655, 1),
(656, '1987-11-27', 656, 1),
(657, '2005-05-26', 657, 1),
(658, '1989-08-22', 658, 1),
(659, '2011-10-13', 659, 1),
(660, '1986-07-01', 660, 1),
(661, '2010-05-28', 661, 1),
(662, '1971-11-18', 662, 1),
(663, '1997-04-12', 663, 1),
(664, '1993-07-25', 664, 1),
(665, '1977-06-08', 665, 1),
(666, '2016-04-01', 666, 1),
(667, '1998-07-29', 667, 1),
(668, '1992-10-28', 668, 1),
(669, '1980-05-22', 669, 1),
(670, '1985-07-20', 670, 1),
(671, '1976-06-25', 671, 1),
(672, '2008-10-23', 672, 1),
(673, '2025-02-13', 673, 1),
(674, '2001-09-20', 674, 1),
(675, '2005-05-28', 675, 1),
(676, '1991-01-16', 676, 1),
(677, '1982-09-07', 677, 1),
(678, '2015-04-27', 678, 1),
(679, '2001-10-20', 679, 1),
(680, '1975-04-27', 680, 1),
(681, '1974-11-19', 681, 1),
(682, '1972-01-11', 682, 1),
(683, '2014-12-10', 683, 1),
(684, '1978-09-14', 684, 1),
(685, '1973-07-31', 685, 1),
(686, '2023-09-05', 686, 1),
(687, '1976-08-06', 687, 1),
(688, '1975-06-29', 688, 1),
(689, '2022-07-06', 689, 1),
(690, '1988-08-18', 690, 1),
(691, '2023-06-04', 691, 1),
(692, '1999-09-25', 692, 1),
(693, '1975-12-31', 693, 1),
(694, '1990-11-09', 694, 1),
(695, '1974-01-21', 695, 1),
(696, '1998-06-11', 696, 1),
(697, '1972-06-10', 697, 1),
(698, '1991-06-15', 698, 1),
(699, '1999-05-03', 699, 1),
(700, '1987-07-02', 700, 1),
(701, '1984-11-01', 701, 1),
(702, '1992-01-02', 702, 1),
(703, '2010-09-19', 703, 1),
(704, '1993-03-11', 704, 1),
(705, '1979-07-26', 705, 1),
(706, '2007-06-17', 706, 1),
(707, '2021-01-25', 707, 1),
(708, '1995-06-09', 708, 1),
(709, '2017-05-13', 709, 1),
(710, '1982-12-28', 710, 1),
(711, '1982-11-19', 711, 1),
(712, '1987-02-19', 712, 1),
(713, '2005-04-28', 713, 1),
(714, '1974-07-15', 714, 1),
(715, '2004-03-06', 715, 1),
(716, '2011-01-17', 716, 1),
(717, '2007-07-05', 717, 1),
(718, '2001-07-05', 718, 1),
(719, '1985-04-30', 719, 1),
(720, '2003-02-21', 720, 1),
(721, '2022-06-09', 721, 1),
(722, '1996-06-23', 722, 1),
(723, '1990-03-17', 723, 1),
(724, '1978-11-06', 724, 1),
(725, '1985-10-03', 725, 1),
(726, '2020-03-16', 726, 1),
(727, '1999-12-08', 727, 1),
(728, '2005-09-21', 728, 1),
(729, '1981-05-17', 729, 1),
(730, '1982-06-19', 730, 1),
(731, '2001-08-11', 731, 1),
(732, '1972-09-15', 732, 1),
(733, '2018-10-14', 733, 1),
(734, '1978-11-26', 734, 1),
(735, '2002-02-12', 735, 1),
(736, '2013-11-01', 736, 1),
(737, '2015-07-27', 737, 1),
(738, '2021-11-03', 738, 1),
(739, '2013-01-22', 739, 1),
(740, '1979-07-31', 740, 1),
(741, '2001-01-18', 741, 1),
(742, '1995-08-20', 742, 1),
(743, '1999-07-07', 743, 1),
(744, '2008-06-12', 744, 1),
(745, '1976-09-13', 745, 1),
(746, '1978-01-17', 746, 1),
(747, '1996-11-19', 747, 1),
(748, '2014-05-11', 748, 1),
(749, '2015-04-22', 749, 1),
(750, '2023-09-26', 750, 1),
(751, '2012-01-26', 751, 1),
(752, '1997-02-16', 752, 1),
(753, '1980-06-23', 753, 1),
(754, '2003-11-08', 754, 1),
(755, '2014-07-21', 755, 1),
(756, '2001-03-31', 756, 1),
(757, '2009-08-05', 757, 1),
(758, '1974-06-18', 758, 1),
(759, '1977-09-03', 759, 1),
(760, '1984-04-03', 760, 1),
(761, '2010-06-03', 761, 1),
(762, '1990-04-22', 762, 1),
(763, '1982-09-23', 763, 1),
(764, '1998-02-24', 764, 1),
(765, '2016-06-02', 765, 1),
(766, '2006-04-03', 766, 1),
(767, '2007-08-15', 767, 1),
(768, '1976-05-04', 768, 1),
(769, '1989-04-09', 769, 1),
(770, '1995-04-07', 770, 1),
(771, '1984-02-19', 771, 1),
(772, '1977-04-19', 772, 1),
(773, '1997-01-08', 773, 1),
(774, '1980-04-15', 774, 1),
(775, '1980-04-06', 775, 1),
(776, '1970-07-09', 776, 1),
(777, '1978-12-30', 777, 1),
(778, '1977-02-19', 778, 1),
(779, '1981-08-08', 779, 1),
(780, '1992-03-06', 780, 1),
(781, '2001-04-23', 781, 1),
(782, '1994-01-09', 782, 1),
(783, '1989-01-17', 783, 1),
(784, '1999-06-11', 784, 1),
(785, '2005-04-27', 785, 1),
(786, '2015-02-27', 786, 1),
(787, '2011-02-07', 787, 1),
(788, '1973-07-08', 788, 1),
(789, '1997-09-17', 789, 1),
(790, '1986-09-12', 790, 1),
(791, '2015-09-02', 791, 1),
(792, '1971-09-15', 792, 1),
(793, '1996-07-11', 793, 1),
(794, '1973-12-18', 794, 1),
(795, '2007-07-21', 795, 1),
(796, '2008-10-18', 796, 1),
(797, '1985-09-23', 797, 1),
(798, '1997-07-13', 798, 1),
(799, '1972-11-22', 799, 1),
(800, '2002-11-27', 800, 1),
(801, '2020-08-04', 801, 1),
(802, '1972-01-28', 802, 1),
(803, '1982-07-15', 803, 1),
(804, '2023-04-04', 804, 1),
(805, '1976-05-01', 805, 1),
(806, '1977-03-13', 806, 1),
(807, '1972-05-27', 807, 1),
(808, '1972-12-12', 808, 1),
(809, '2007-02-07', 809, 1),
(810, '2008-03-06', 810, 1),
(811, '1984-07-17', 811, 1),
(812, '2023-05-02', 812, 1),
(813, '1970-10-13', 813, 1),
(814, '2008-07-08', 814, 1),
(815, '2023-11-24', 815, 1),
(816, '1976-05-07', 816, 1),
(817, '2016-12-20', 817, 1),
(818, '2015-01-22', 818, 1),
(819, '1985-04-27', 819, 1),
(820, '1988-04-04', 820, 1),
(821, '2006-03-06', 821, 1),
(822, '1998-09-20', 822, 1),
(823, '1999-05-25', 823, 1),
(824, '2020-09-24', 824, 1),
(825, '2019-03-23', 825, 1),
(826, '2017-08-07', 826, 1),
(827, '2008-03-02', 827, 1),
(828, '2007-03-29', 828, 1),
(829, '1981-12-26', 829, 1),
(830, '2005-07-24', 830, 1),
(831, '1984-04-27', 831, 1),
(832, '1983-04-16', 832, 1),
(833, '2006-12-20', 833, 1),
(834, '2003-08-19', 834, 1),
(835, '2017-05-20', 835, 1),
(836, '1972-10-04', 836, 1),
(837, '2024-05-10', 837, 1),
(838, '2000-05-16', 838, 1),
(839, '1991-11-06', 839, 1),
(840, '2008-06-14', 840, 1),
(841, '2016-11-27', 841, 1),
(842, '1981-12-05', 842, 1),
(843, '1992-10-02', 843, 1),
(844, '1999-03-23', 844, 1),
(845, '1999-03-15', 845, 1),
(846, '1994-05-06', 846, 1),
(847, '2016-12-05', 847, 1),
(848, '1992-11-28', 848, 1),
(849, '1988-11-12', 849, 1),
(850, '2020-03-29', 850, 1),
(851, '1993-12-07', 851, 1),
(852, '1974-03-20', 852, 1),
(853, '1979-12-15', 853, 1),
(854, '2001-07-12', 854, 1),
(855, '1994-11-08', 855, 1),
(856, '2012-03-10', 856, 1),
(857, '1996-06-10', 857, 1),
(858, '1976-09-17', 858, 1),
(859, '2004-10-23', 859, 1),
(860, '2021-02-20', 860, 1),
(861, '1972-04-19', 861, 1),
(862, '2010-08-22', 862, 1),
(863, '2003-08-21', 863, 1),
(864, '2011-06-23', 864, 1),
(865, '2007-11-06', 865, 1),
(866, '1975-05-21', 866, 1),
(867, '2014-03-06', 867, 1),
(868, '2003-06-24', 868, 1),
(869, '2005-10-24', 869, 1),
(870, '2019-10-03', 870, 1),
(871, '1986-02-02', 871, 1),
(872, '2023-09-19', 872, 1),
(873, '1970-08-28', 873, 1),
(874, '2012-08-05', 874, 1),
(875, '1986-06-10', 875, 1),
(876, '2021-02-08', 876, 1),
(877, '1996-03-13', 877, 1),
(878, '1970-08-11', 878, 1),
(879, '1987-02-12', 879, 1),
(880, '2024-11-02', 880, 1),
(881, '1986-08-24', 881, 1),
(882, '2021-11-07', 882, 1),
(883, '1985-11-18', 883, 1),
(884, '2006-02-05', 884, 1),
(885, '1992-07-21', 885, 1),
(886, '1983-10-30', 886, 1),
(887, '2007-05-25', 887, 1),
(888, '1990-10-19', 888, 1),
(889, '2008-06-05', 889, 1),
(890, '1980-03-05', 890, 1),
(891, '1985-09-29', 891, 1),
(892, '2012-02-29', 892, 1),
(893, '1998-10-10', 893, 1),
(894, '2014-02-07', 894, 1),
(895, '2004-02-03', 895, 1),
(896, '1973-01-31', 896, 1),
(897, '2014-02-20', 897, 1),
(898, '1992-07-22', 898, 1),
(899, '2021-10-06', 899, 1),
(900, '1991-12-12', 900, 1),
(901, '1993-04-30', 901, 1),
(902, '1979-12-29', 902, 1),
(903, '1984-09-20', 903, 1),
(904, '1997-06-08', 904, 1),
(905, '2024-02-29', 905, 1),
(906, '2016-06-15', 906, 1),
(907, '2004-08-04', 907, 1),
(908, '2005-09-30', 908, 1),
(909, '2022-11-13', 909, 1),
(910, '1990-03-06', 910, 1),
(911, '1991-05-08', 911, 1),
(912, '1997-06-23', 912, 1),
(913, '2006-12-23', 913, 1),
(914, '2016-09-30', 914, 1),
(915, '1987-04-03', 915, 1),
(916, '2015-02-17', 916, 1),
(917, '1985-07-25', 917, 1),
(918, '1983-01-16', 918, 1),
(919, '1998-02-25', 919, 1),
(920, '1999-06-29', 920, 1),
(921, '1981-07-19', 921, 1),
(922, '2019-02-08', 922, 1),
(923, '1986-07-11', 923, 1),
(924, '1979-09-24', 924, 1),
(925, '1996-02-04', 925, 1),
(926, '1976-06-18', 926, 1),
(927, '1977-10-12', 927, 1),
(928, '1987-04-21', 928, 1),
(929, '2013-07-01', 929, 1),
(930, '2018-01-21', 930, 1),
(931, '2023-05-30', 931, 1),
(932, '2013-05-07', 932, 1),
(933, '1988-07-09', 933, 1),
(934, '1979-07-04', 934, 1),
(935, '2005-06-20', 935, 1),
(936, '1988-05-27', 936, 1),
(937, '1993-04-05', 937, 1),
(938, '1972-09-11', 938, 1),
(939, '2008-04-20', 939, 1),
(940, '1977-10-20', 940, 1),
(941, '2003-08-29', 941, 1),
(942, '2017-03-31', 942, 1),
(943, '1972-08-25', 943, 1),
(944, '1997-10-24', 944, 1),
(945, '1971-04-08', 945, 1),
(946, '1996-01-29', 946, 1),
(947, '1974-01-30', 947, 1),
(948, '1973-03-29', 948, 1),
(949, '2004-08-27', 949, 1),
(950, '1974-06-22', 950, 1),
(951, '2000-07-16', 951, 1),
(952, '2023-01-12', 952, 1),
(953, '1992-01-08', 953, 1),
(954, '1994-04-08', 954, 1),
(955, '1996-06-06', 955, 1),
(956, '1994-06-22', 956, 1),
(957, '2018-01-20', 957, 1),
(958, '2014-04-12', 958, 1),
(959, '2017-01-24', 959, 1),
(960, '2003-07-19', 960, 1),
(961, '2002-01-30', 961, 1),
(962, '1970-12-01', 962, 1),
(963, '1999-09-22', 963, 1),
(964, '1994-05-20', 964, 1),
(965, '1974-12-16', 965, 1),
(966, '2012-09-24', 966, 1),
(967, '1992-04-23', 967, 1),
(968, '1970-10-12', 968, 1),
(969, '1999-06-01', 969, 1),
(970, '1992-07-30', 970, 1),
(971, '2017-03-03', 971, 1),
(972, '2006-04-07', 972, 1),
(973, '1973-01-10', 973, 1),
(974, '2001-12-11', 974, 1),
(975, '2019-04-20', 975, 1),
(976, '2019-02-17', 976, 1),
(977, '2023-04-21', 977, 1),
(978, '1970-01-09', 978, 1),
(979, '2020-10-30', 979, 1),
(980, '2008-08-17', 980, 1),
(981, '2025-04-13', 981, 1),
(982, '1995-09-06', 982, 1),
(983, '2020-01-20', 983, 1),
(984, '2015-02-07', 984, 1),
(985, '2002-12-07', 985, 1),
(986, '2016-10-16', 986, 1),
(987, '2002-08-18', 987, 1),
(988, '1985-03-20', 988, 1),
(989, '1988-06-25', 989, 1),
(990, '2004-08-17', 990, 1),
(991, '2012-11-15', 991, 1),
(992, '2011-02-05', 992, 1),
(993, '1994-04-30', 993, 1),
(994, '2022-03-15', 994, 1),
(995, '1995-12-10', 995, 1),
(996, '2015-03-19', 996, 1),
(997, '1983-05-14', 997, 1),
(998, '1999-04-29', 998, 1),
(999, '2004-09-14', 999, 1),
(1000, '1999-05-27', 1000, 1),
(1001, '2010-11-03', 1001, 1),
(1002, '2005-10-02', 1002, 1),
(1003, '2012-09-14', 1003, 1),
(1004, '2010-06-20', 1004, 1),
(1005, '2020-10-16', 1005, 1),
(1006, '1986-06-19', 1006, 1),
(1007, '1990-03-05', 1007, 1),
(1008, '2022-08-09', 1008, 1),
(1009, '1983-06-26', 1009, 1),
(1010, '2025-02-23', 1010, 1),
(1011, '2024-12-31', 1011, 1),
(1012, '1997-03-05', 1012, 1),
(1013, '2011-10-11', 1013, 1),
(1014, '2003-06-08', 1014, 1),
(1015, '2005-06-15', 1015, 1),
(1016, '2002-04-20', 1016, 1),
(1017, '1997-09-06', 1017, 1),
(1018, '2016-08-28', 1018, 1),
(1019, '1977-04-23', 1019, 1),
(1020, '1985-01-05', 1020, 1),
(1021, '1976-03-18', 1021, 1),
(1022, '1985-07-20', 1022, 1),
(1023, '1978-04-20', 1023, 1),
(1024, '2021-08-02', 1024, 1);

COMMIT;

