
-- 770 rows

BEGIN;

INSERT INTO classes (class_id, name) VALUES
(1, 'Class 1'),
(2, 'Class 2'),
(3, 'Class 3'),
(4, 'Class 4'),
(5, 'Class 5'),
(6, 'Class 6'),
(7, 'Class 7'),
(8, 'Class 8'),
(9, 'Class 9'),
(10, 'Class 10'),
(11, 'Class 11'),
(12, 'Class 12'),
(13, 'Class 13'),
(14, 'Class 14'),
(15, 'Class 15'),
(16, 'Class 16'),
(17, 'Class 17'),
(18, 'Class 18'),
(19, 'Class 19'),
(20, 'Class 20'),
(21, 'Class 21'),
(22, 'Class 22'),
(23, 'Class 23'),
(24, 'Class 24'),
(25, 'Class 25'),
(26, 'Class 26'),
(27, 'Class 27'),
(28, 'Class 28'),
(29, 'Class 29'),
(30, 'Class 30'),
(31, 'Class 31'),
(32, 'Class 32'),
(33, 'Class 33'),
(34, 'Class 34'),
(35, 'Class 35'),
(36, 'Class 36'),
(37, 'Class 37'),
(38, 'Class 38'),
(39, 'Class 39'),
(40, 'Class 40'),
(41, 'Class 41'),
(42, 'Class 42'),
(43, 'Class 43'),
(44, 'Class 44'),
(45, 'Class 45'),
(46, 'Class 46'),
(47, 'Class 47'),
(48, 'Class 48'),
(49, 'Class 49'),
(50, 'Class 50'),
(51, 'Class 51'),
(52, 'Class 52'),
(53, 'Class 53'),
(54, 'Class 54'),
(55, 'Class 55'),
(56, 'Class 56'),
(57, 'Class 57'),
(58, 'Class 58'),
(59, 'Class 59'),
(60, 'Class 60'),
(61, 'Class 61'),
(62, 'Class 62'),
(63, 'Class 63'),
(64, 'Class 64'),
(65, 'Class 65'),
(66, 'Class 66'),
(67, 'Class 67'),
(68, 'Class 68'),
(69, 'Class 69'),
(70, 'Class 70'),
(71, 'Class 71'),
(72, 'Class 72'),
(73, 'Class 73'),
(74, 'Class 74'),
(75, 'Class 75'),
(76, 'Class 76'),
(77, 'Class 77'),
(78, 'Class 78'),
(79, 'Class 79'),
(80, 'Class 80'),
(81, 'Class 81'),
(82, 'Class 82'),
(83, 'Class 83'),
(84, 'Class 84'),
(85, 'Class 85'),
(86, 'Class 86'),
(87, 'Class 87'),
(88, 'Class 88'),
(89, 'Class 89'),
(90, 'Class 90'),
(91, 'Class 91'),
(92, 'Class 92'),
(93, 'Class 93'),
(94, 'Class 94'),
(95, 'Class 95'),
(96, 'Class 96'),
(97, 'Class 97'),
(98, 'Class 98'),
(99, 'Class 99'),
(100, 'Class 100'),
(101, 'Class 101'),
(102, 'Class 102'),
(103, 'Class 103'),
(104, 'Class 104'),
(105, 'Class 105'),
(106, 'Class 106'),
(107, 'Class 107'),
(108, 'Class 108'),
(109, 'Class 109'),
(110, 'Class 110'),
(111, 'Class 111'),
(112, 'Class 112'),
(113, 'Class 113'),
(114, 'Class 114'),
(115, 'Class 115'),
(116, 'Class 116'),
(117, 'Class 117'),
(118, 'Class 118'),
(119, 'Class 119'),
(120, 'Class 120'),
(121, 'Class 121'),
(122, 'Class 122'),
(123, 'Class 123'),
(124, 'Class 124'),
(125, 'Class 125'),
(126, 'Class 126'),
(127, 'Class 127'),
(128, 'Class 128'),
(129, 'Class 129'),
(130, 'Class 130'),
(131, 'Class 131'),
(132, 'Class 132'),
(133, 'Class 133'),
(134, 'Class 134'),
(135, 'Class 135'),
(136, 'Class 136'),
(137, 'Class 137'),
(138, 'Class 138'),
(139, 'Class 139'),
(140, 'Class 140'),
(141, 'Class 141'),
(142, 'Class 142'),
(143, 'Class 143'),
(144, 'Class 144'),
(145, 'Class 145'),
(146, 'Class 146'),
(147, 'Class 147'),
(148, 'Class 148'),
(149, 'Class 149'),
(150, 'Class 150'),
(151, 'Class 151'),
(152, 'Class 152'),
(153, 'Class 153'),
(154, 'Class 154'),
(155, 'Class 155'),
(156, 'Class 156'),
(157, 'Class 157'),
(158, 'Class 158'),
(159, 'Class 159'),
(160, 'Class 160'),
(161, 'Class 161'),
(162, 'Class 162'),
(163, 'Class 163'),
(164, 'Class 164'),
(165, 'Class 165'),
(166, 'Class 166'),
(167, 'Class 167'),
(168, 'Class 168'),
(169, 'Class 169'),
(170, 'Class 170'),
(171, 'Class 171'),
(172, 'Class 172'),
(173, 'Class 173'),
(174, 'Class 174'),
(175, 'Class 175'),
(176, 'Class 176'),
(177, 'Class 177'),
(178, 'Class 178'),
(179, 'Class 179'),
(180, 'Class 180'),
(181, 'Class 181'),
(182, 'Class 182'),
(183, 'Class 183'),
(184, 'Class 184'),
(185, 'Class 185'),
(186, 'Class 186'),
(187, 'Class 187'),
(188, 'Class 188'),
(189, 'Class 189'),
(190, 'Class 190'),
(191, 'Class 191'),
(192, 'Class 192'),
(193, 'Class 193'),
(194, 'Class 194'),
(195, 'Class 195'),
(196, 'Class 196'),
(197, 'Class 197'),
(198, 'Class 198'),
(199, 'Class 199'),
(200, 'Class 200'),
(201, 'Class 201'),
(202, 'Class 202'),
(203, 'Class 203'),
(204, 'Class 204'),
(205, 'Class 205'),
(206, 'Class 206'),
(207, 'Class 207'),
(208, 'Class 208'),
(209, 'Class 209'),
(210, 'Class 210'),
(211, 'Class 211'),
(212, 'Class 212'),
(213, 'Class 213'),
(214, 'Class 214'),
(215, 'Class 215'),
(216, 'Class 216'),
(217, 'Class 217'),
(218, 'Class 218'),
(219, 'Class 219'),
(220, 'Class 220'),
(221, 'Class 221'),
(222, 'Class 222'),
(223, 'Class 223'),
(224, 'Class 224'),
(225, 'Class 225'),
(226, 'Class 226'),
(227, 'Class 227'),
(228, 'Class 228'),
(229, 'Class 229'),
(230, 'Class 230'),
(231, 'Class 231'),
(232, 'Class 232'),
(233, 'Class 233'),
(234, 'Class 234'),
(235, 'Class 235'),
(236, 'Class 236'),
(237, 'Class 237'),
(238, 'Class 238'),
(239, 'Class 239'),
(240, 'Class 240'),
(241, 'Class 241'),
(242, 'Class 242'),
(243, 'Class 243'),
(244, 'Class 244'),
(245, 'Class 245'),
(246, 'Class 246'),
(247, 'Class 247'),
(248, 'Class 248'),
(249, 'Class 249'),
(250, 'Class 250'),
(251, 'Class 251'),
(252, 'Class 252'),
(253, 'Class 253'),
(254, 'Class 254'),
(255, 'Class 255'),
(256, 'Class 256');

INSERT INTO subjects (subject_id, name) VALUES
(1, 'Mega subject');

INSERT INTO students (student_id, first_name, last_name, birth_date, class_id) VALUES
(1, 'Kristen', 'Arnold', '2012-08-24', 1),
(2, 'Juan', 'Rose', '2011-07-15', 2),
(3, 'Robert', 'Smith', '1974-02-24', 3),
(4, 'Beth', 'Guzman', '2014-02-05', 4),
(5, 'Travis', 'Yates', '2005-08-29', 5),
(6, 'Mathew', 'Anderson', '1996-12-02', 6),
(7, 'Anthony', 'Owens', '2014-03-15', 7),
(8, 'Dustin', 'Johnson', '1980-03-15', 8),
(9, 'Melissa', 'Smith', '1990-04-11', 9),
(10, 'Troy', 'Robinson', '2010-08-23', 10),
(11, 'Christopher', 'Hutchinson', '2008-03-25', 11),
(12, 'Timothy', 'Jones', '1997-02-12', 12),
(13, 'Kimberly', 'Gomez', '1995-09-21', 13),
(14, 'Amber', 'Smith', '1997-04-16', 14),
(15, 'Margaret', 'Lee', '2012-04-13', 15),
(16, 'Cory', 'Long', '1974-05-24', 16),
(17, 'Melissa', 'Middleton', '2009-04-02', 17),
(18, 'Samantha', 'Cochran', '2014-12-13', 18),
(19, 'Donna', 'Francis', '2016-07-19', 19),
(20, 'James', 'Reed', '1999-05-12', 20),
(21, 'Danielle', 'Palmer', '2018-08-16', 21),
(22, 'Kelly', 'Wheeler', '1973-07-27', 22),
(23, 'Scott', 'Perkins', '2015-01-19', 23),
(24, 'Glen', 'Horne', '1985-12-08', 24),
(25, 'Justin', 'Maynard', '1985-07-04', 25),
(26, 'Shelley', 'Burke', '1988-06-08', 26),
(27, 'Felicia', 'White', '1971-06-08', 27),
(28, 'Richard', 'Thompson', '1993-01-08', 28),
(29, 'Cynthia', 'Torres', '2000-01-17', 29),
(30, 'Kayla', 'Martin', '2011-09-25', 30),
(31, 'Natalie', 'Tran', '1983-07-29', 31),
(32, 'Michele', 'Briggs', '1976-01-23', 32),
(33, 'Megan', 'Vasquez', '1992-05-28', 33),
(34, 'Anthony', 'Jackson', '2002-08-26', 34),
(35, 'Eric', 'Cruz', '1975-04-09', 35),
(36, 'Aaron', 'Johnson', '2013-09-11', 36),
(37, 'Ann', 'Rogers', '1991-05-16', 37),
(38, 'Steven', 'Walker', '1998-11-15', 38),
(39, 'Todd', 'Brown', '2016-11-13', 39),
(40, 'Nina', 'Stuart', '1983-06-01', 40),
(41, 'Emily', 'Gibbs', '1990-10-02', 41),
(42, 'Linda', 'Raymond', '2002-12-08', 42),
(43, 'Sarah', 'Bates', '1989-11-09', 43),
(44, 'John', 'Deleon', '1973-11-28', 44),
(45, 'Catherine', 'Perez', '1998-02-13', 45),
(46, 'Nicole', 'Fisher', '1987-03-07', 46),
(47, 'James', 'Hernandez', '1995-04-20', 47),
(48, 'Rachel', 'Miller', '2001-06-25', 48),
(49, 'Daniel', 'Gilbert', '2000-02-18', 49),
(50, 'Jason', 'Herrera', '2021-02-11', 50),
(51, 'Katie', 'Chandler', '1972-06-26', 51),
(52, 'Hannah', 'Warren', '2007-07-09', 52),
(53, 'Thomas', 'Sawyer', '2006-06-27', 53),
(54, 'Kyle', 'Simmons', '1970-07-14', 54),
(55, 'Jenna', 'Rogers', '1976-04-22', 55),
(56, 'Cynthia', 'Lee', '1993-11-06', 56),
(57, 'Dan', 'Knox', '2024-05-07', 57),
(58, 'Dana', 'Cunningham', '2021-10-14', 58),
(59, 'Ariana', 'Butler', '1997-06-07', 59),
(60, 'Heidi', 'Miller', '2025-02-14', 60),
(61, 'Leslie', 'Lopez', '1980-08-05', 61),
(62, 'Nicole', 'Brown', '2008-06-04', 62),
(63, 'Megan', 'Lowe', '2005-04-23', 63),
(64, 'Mark', 'Mahoney', '1973-05-04', 64),
(65, 'Carlos', 'Craig', '2000-06-14', 65),
(66, 'Calvin', 'Powell', '2013-07-23', 66),
(67, 'Brian', 'Espinoza', '1992-06-27', 67),
(68, 'David', 'Matthews', '2008-06-02', 68),
(69, 'Rebecca', 'Wilson', '1986-08-14', 69),
(70, 'Thomas', 'Brown', '2021-10-29', 70),
(71, 'John', 'Valencia', '2023-04-04', 71),
(72, 'Kelly', 'Smith', '2007-05-31', 72),
(73, 'Danielle', 'Hughes', '2022-01-20', 73),
(74, 'Donna', 'Conrad', '1970-03-31', 74),
(75, 'Kimberly', 'Harrison', '1975-12-11', 75),
(76, 'Manuel', 'Lucero', '2008-04-30', 76),
(77, 'Justin', 'Walker', '1998-09-05', 77),
(78, 'Jacqueline', 'Harris', '1976-09-21', 78),
(79, 'Wesley', 'Lee', '1999-06-17', 79),
(80, 'John', 'Williams', '1980-03-14', 80),
(81, 'Lori', 'Page', '2020-12-08', 81),
(82, 'Valerie', 'Chandler', '2016-07-01', 82),
(83, 'Laura', 'Adams', '1999-08-16', 83),
(84, 'Elizabeth', 'Poole', '2008-05-02', 84),
(85, 'Rhonda', 'Warner', '1975-11-29', 85),
(86, 'Ryan', 'Padilla', '2019-04-18', 86),
(87, 'Ryan', 'Coleman', '2022-05-13', 87),
(88, 'Jennifer', 'Robinson', '2019-06-25', 88),
(89, 'Joseph', 'Shields', '1978-05-20', 89),
(90, 'Tiffany', 'Adams', '1985-02-16', 90),
(91, 'Jack', 'Owens', '1983-04-12', 91),
(92, 'Jessica', 'Martin', '1984-04-02', 92),
(93, 'Christopher', 'Rubio', '1990-09-17', 93),
(94, 'William', 'Hernandez', '1990-12-15', 94),
(95, 'Julie', 'Obrien', '1981-08-10', 95),
(96, 'Darlene', 'Phelps', '2005-01-05', 96),
(97, 'Clinton', 'Robinson', '2013-10-26', 97),
(98, 'Joann', 'Ballard', '1984-11-08', 98),
(99, 'Susan', 'Delacruz', '1970-11-09', 99),
(100, 'Evan', 'Hurst', '2017-07-28', 100),
(101, 'Michele', 'Leon', '1971-02-13', 101),
(102, 'Rita', 'Cook', '2024-12-18', 102),
(103, 'Ashley', 'Ballard', '1977-02-04', 103),
(104, 'Robert', 'Riley', '2020-03-07', 104),
(105, 'James', 'Ellis', '2024-09-03', 105),
(106, 'Kathryn', 'Robinson', '2000-12-25', 106),
(107, 'Cindy', 'Cole', '1999-04-27', 107),
(108, 'Shawn', 'Marshall', '1979-03-04', 108),
(109, 'Heather', 'Brown', '1972-01-05', 109),
(110, 'Angela', 'Pineda', '2024-09-22', 110),
(111, 'Pamela', 'Dean', '2019-01-04', 111),
(112, 'Jasmin', 'Anderson', '1970-04-16', 112),
(113, 'Allison', 'Andrews', '1980-03-10', 113),
(114, 'Elizabeth', 'Torres', '2017-06-18', 114),
(115, 'Amanda', 'Hernandez', '2022-02-26', 115),
(116, 'Douglas', 'Wong', '2016-02-15', 116),
(117, 'Linda', 'Bennett', '2016-06-27', 117),
(118, 'Tina', 'Simmons', '1974-10-17', 118),
(119, 'Sara', 'Kerr', '2009-05-11', 119),
(120, 'Rebecca', 'Thompson', '1991-05-30', 120),
(121, 'Jerry', 'Brown', '2007-02-15', 121),
(122, 'Victor', 'Russo', '2000-09-21', 122),
(123, 'Jose', 'Stafford', '1974-12-26', 123),
(124, 'Paul', 'Patterson', '1995-02-09', 124),
(125, 'Rebecca', 'Foster', '2002-02-25', 125),
(126, 'Kendra', 'Boyd', '1978-10-01', 126),
(127, 'Cory', 'Shepard', '1976-11-23', 127),
(128, 'Robert', 'Clark', '1987-01-25', 128),
(129, 'Jeremy', 'Franklin', '1989-09-23', 129),
(130, 'Sarah', 'Kelley', '1981-09-23', 130),
(131, 'Jared', 'Medina', '1991-01-20', 131),
(132, 'Roger', 'Brown', '2022-06-02', 132),
(133, 'Michael', 'Mays', '2014-12-31', 133),
(134, 'John', 'Caldwell', '2023-10-12', 134),
(135, 'Julian', 'Martinez', '2002-08-30', 135),
(136, 'Martin', 'Williams', '1982-11-17', 136),
(137, 'Pamela', 'Long', '2012-02-16', 137),
(138, 'Sharon', 'Wilson', '2022-09-02', 138),
(139, 'Patrick', 'Reese', '1982-11-04', 139),
(140, 'Bethany', 'Day', '2012-12-27', 140),
(141, 'Alexander', 'Brock', '1991-11-15', 141),
(142, 'Nathan', 'Black', '1982-10-29', 142),
(143, 'Timothy', 'Willis', '2012-03-23', 143),
(144, 'Cameron', 'Archer', '1981-08-30', 144),
(145, 'Marcus', 'Brown', '2011-05-27', 145),
(146, 'Robert', 'Frey', '1993-01-30', 146),
(147, 'Gabriela', 'Perez', '1987-10-31', 147),
(148, 'Susan', 'Martin', '1987-04-15', 148),
(149, 'Edward', 'Woodard', '1986-02-12', 149),
(150, 'Robert', 'Martin', '1990-02-21', 150),
(151, 'Kelly', 'Curry', '2025-03-04', 151),
(152, 'Nicholas', 'Phillips', '1988-04-03', 152),
(153, 'David', 'Taylor', '1972-05-29', 153),
(154, 'Stephanie', 'Ferguson', '1984-07-27', 154),
(155, 'Joel', 'Harmon', '1994-11-27', 155),
(156, 'Jerry', 'Sanchez', '2023-02-20', 156),
(157, 'Judith', 'Watson', '1994-04-06', 157),
(158, 'Maria', 'Butler', '1990-10-04', 158),
(159, 'Dawn', 'Patel', '2013-09-07', 159),
(160, 'Antonio', 'Wilkinson', '2000-11-27', 160),
(161, 'Heather', 'Griffin', '1990-07-02', 161),
(162, 'Travis', 'Sanchez', '2021-06-21', 162),
(163, 'Glenn', 'Webster', '1995-07-25', 163),
(164, 'Bryan', 'Cantu', '2010-11-24', 164),
(165, 'Louis', 'Mills', '2001-05-07', 165),
(166, 'Justin', 'Salinas', '1998-02-20', 166),
(167, 'Rebecca', 'Taylor', '1995-06-12', 167),
(168, 'Rodney', 'Ponce', '2023-11-05', 168),
(169, 'Debra', 'Tucker', '2015-06-29', 169),
(170, 'Christine', 'Ray', '1997-01-21', 170),
(171, 'David', 'Ramsey', '2023-05-19', 171),
(172, 'Vanessa', 'Carroll', '1992-05-20', 172),
(173, 'Vincent', 'Trevino', '1985-12-26', 173),
(174, 'Alexa', 'Henry', '2019-10-03', 174),
(175, 'Sean', 'Craig', '2009-06-18', 175),
(176, 'Laura', 'Johnson', '1982-09-24', 176),
(177, 'Ashley', 'Pearson', '1970-06-22', 177),
(178, 'Hector', 'Medina', '2014-03-20', 178),
(179, 'Cynthia', 'Hayes', '2006-06-09', 179),
(180, 'Joshua', 'Erickson', '1977-09-03', 180),
(181, 'Veronica', 'Jimenez', '2002-10-10', 181),
(182, 'Bryan', 'Davis', '2015-06-03', 182),
(183, 'Kyle', 'Morrison', '2022-05-22', 183),
(184, 'Alyssa', 'Osborne', '1978-04-28', 184),
(185, 'Bradley', 'Adams', '1985-09-24', 185),
(186, 'Tyler', 'Reynolds', '1978-12-22', 186),
(187, 'Kayla', 'Bauer', '2004-12-15', 187),
(188, 'Michael', 'Shaw', '2011-11-06', 188),
(189, 'Kristin', 'Jordan', '1971-10-17', 189),
(190, 'Gabriel', 'Medina', '1984-12-25', 190),
(191, 'Amanda', 'Hanson', '1993-09-02', 191),
(192, 'Yesenia', 'Black', '2017-03-25', 192),
(193, 'Lucas', 'Gray', '2014-09-21', 193),
(194, 'Jon', 'Brooks', '2008-01-29', 194),
(195, 'Tonya', 'Yu', '1989-11-26', 195),
(196, 'Jason', 'Hensley', '1982-04-09', 196),
(197, 'Sabrina', 'Hubbard', '2008-04-15', 197),
(198, 'Teresa', 'Harrington', '1990-12-22', 198),
(199, 'Bernard', 'Daniel', '2014-03-22', 199),
(200, 'William', 'Solis', '1972-08-01', 200),
(201, 'Wendy', 'Williams', '2003-06-27', 201),
(202, 'Gabriel', 'Chase', '2006-08-24', 202),
(203, 'Raven', 'Beltran', '2009-10-15', 203),
(204, 'Dustin', 'Sparks', '2025-04-22', 204),
(205, 'Daniel', 'Cook', '1991-04-19', 205),
(206, 'Christopher', 'Mcguire', '2007-05-13', 206),
(207, 'Jenny', 'Contreras', '1970-12-13', 207),
(208, 'Kelsey', 'Shaw', '2017-11-04', 208),
(209, 'Cory', 'Green', '2021-12-10', 209),
(210, 'Erica', 'Dyer', '2024-09-09', 210),
(211, 'Chris', 'Hart', '2005-12-17', 211),
(212, 'Lisa', 'Hawkins', '2019-06-05', 212),
(213, 'Joseph', 'Barry', '1987-12-28', 213),
(214, 'Jennifer', 'Walker', '2020-08-04', 214),
(215, 'Maria', 'Wallace', '1996-07-19', 215),
(216, 'Alex', 'Shelton', '2015-01-29', 216),
(217, 'Joseph', 'Baker', '2020-12-06', 217),
(218, 'Jaclyn', 'Rich', '2017-02-05', 218),
(219, 'Kristina', 'Atkinson', '2019-05-31', 219),
(220, 'Jonathan', 'Robinson', '2022-07-08', 220),
(221, 'Julia', 'Santana', '2023-10-23', 221),
(222, 'Jeremy', 'Hunt', '1985-08-09', 222),
(223, 'Keith', 'Phelps', '1978-02-09', 223),
(224, 'Christine', 'Johnson', '2013-02-11', 224),
(225, 'Sheri', 'Smith', '2009-05-12', 225),
(226, 'Jeffrey', 'Gentry', '2012-03-13', 226),
(227, 'Dylan', 'Cooke', '1991-09-25', 227),
(228, 'Laura', 'Chavez', '2004-12-23', 228),
(229, 'Tiffany', 'Morgan', '2009-01-22', 229),
(230, 'Louis', 'Henderson', '2016-12-19', 230),
(231, 'Elizabeth', 'Moore', '1970-08-31', 231),
(232, 'David', 'Evans', '2022-06-16', 232),
(233, 'Brittney', 'Shah', '1991-07-24', 233),
(234, 'Karen', 'Collier', '2021-10-11', 234),
(235, 'Heather', 'Johnson', '2023-04-29', 235),
(236, 'Derek', 'Rogers', '1990-12-01', 236),
(237, 'Laurie', 'Webb', '1987-07-30', 237),
(238, 'Michael', 'Dean', '1986-09-12', 238),
(239, 'Andrew', 'Tyler', '2005-06-14', 239),
(240, 'Michael', 'Kelly', '1988-06-01', 240),
(241, 'Michelle', 'Johnson', '1992-12-10', 241),
(242, 'Samuel', 'Moreno', '2007-12-19', 242),
(243, 'Carlos', 'Hatfield', '2013-06-16', 243),
(244, 'Kelli', 'Daniels', '2022-08-14', 244),
(245, 'Sierra', 'Romero', '1970-07-18', 245),
(246, 'Gary', 'Roman', '2021-12-08', 246),
(247, 'Kelsey', 'White', '2006-10-12', 247),
(248, 'Adam', 'Lara', '2013-06-11', 248),
(249, 'Angela', 'Smith', '1991-05-28', 249),
(250, 'David', 'Berg', '2022-11-30', 250),
(251, 'Luis', 'Brooks', '2003-01-18', 251),
(252, 'Mitchell', 'Campos', '1989-08-04', 252),
(253, 'Jennifer', 'Hansen', '2008-01-25', 253),
(254, 'Edward', 'Fields', '1995-10-19', 254),
(255, 'Ricardo', 'Simmons', '1973-08-23', 255),
(256, 'Sara', 'Hopkins', '1999-10-03', 256);

INSERT INTO teachers (teacher_id, first_name, last_name, subject_id) VALUES
(1, 'Mega', 'Teacher', 1);

INSERT INTO lessons (lesson_id, date, class_id, subject_id) VALUES
(1, '1978-08-14', 1, 1),
(2, '2021-10-28', 2, 1),
(3, '1995-04-30', 3, 1),
(4, '2011-03-26', 4, 1),
(5, '1986-05-10', 5, 1),
(6, '2023-11-18', 6, 1),
(7, '1971-12-11', 7, 1),
(8, '1972-12-02', 8, 1),
(9, '1983-11-28', 9, 1),
(10, '1979-07-01', 10, 1),
(11, '2022-06-10', 11, 1),
(12, '2018-03-26', 12, 1),
(13, '1997-06-26', 13, 1),
(14, '2010-05-10', 14, 1),
(15, '1978-03-12', 15, 1),
(16, '1993-09-03', 16, 1),
(17, '2013-11-19', 17, 1),
(18, '1991-06-30', 18, 1),
(19, '2014-05-11', 19, 1),
(20, '1980-02-01', 20, 1),
(21, '1989-06-18', 21, 1),
(22, '2006-10-29', 22, 1),
(23, '1993-04-23', 23, 1),
(24, '2016-11-15', 24, 1),
(25, '1977-05-24', 25, 1),
(26, '2017-01-12', 26, 1),
(27, '1975-10-13', 27, 1),
(28, '2000-12-09', 28, 1),
(29, '1994-09-24', 29, 1),
(30, '1970-11-24', 30, 1),
(31, '1978-02-16', 31, 1),
(32, '2010-03-13', 32, 1),
(33, '1982-03-20', 33, 1),
(34, '1999-02-24', 34, 1),
(35, '1989-11-03', 35, 1),
(36, '2020-03-28', 36, 1),
(37, '1981-11-21', 37, 1),
(38, '1991-05-28', 38, 1),
(39, '1991-04-05', 39, 1),
(40, '1992-07-07', 40, 1),
(41, '1980-09-10', 41, 1),
(42, '1972-07-28', 42, 1),
(43, '2016-08-10', 43, 1),
(44, '2006-03-23', 44, 1),
(45, '1998-03-26', 45, 1),
(46, '1993-02-11', 46, 1),
(47, '2019-04-30', 47, 1),
(48, '2019-08-16', 48, 1),
(49, '2011-03-26', 49, 1),
(50, '1980-07-18', 50, 1),
(51, '1993-07-25', 51, 1),
(52, '1991-03-06', 52, 1),
(53, '2006-05-31', 53, 1),
(54, '1992-01-05', 54, 1),
(55, '1997-03-29', 55, 1),
(56, '2001-07-22', 56, 1),
(57, '1983-12-08', 57, 1),
(58, '1989-01-21', 58, 1),
(59, '2019-07-02', 59, 1),
(60, '1994-01-26', 60, 1),
(61, '1982-04-23', 61, 1),
(62, '1972-08-18', 62, 1),
(63, '1976-06-01', 63, 1),
(64, '2001-01-06', 64, 1),
(65, '1992-06-18', 65, 1),
(66, '2009-08-05', 66, 1),
(67, '1978-07-29', 67, 1),
(68, '1983-12-31', 68, 1),
(69, '2005-07-23', 69, 1),
(70, '2003-07-28', 70, 1),
(71, '2000-01-11', 71, 1),
(72, '2008-08-05', 72, 1),
(73, '2015-05-22', 73, 1),
(74, '2003-10-05', 74, 1),
(75, '2012-06-22', 75, 1),
(76, '2009-05-14', 76, 1),
(77, '1999-07-04', 77, 1),
(78, '2010-10-22', 78, 1),
(79, '2010-12-18', 79, 1),
(80, '2001-06-04', 80, 1),
(81, '1970-11-29', 81, 1),
(82, '2024-04-26', 82, 1),
(83, '2013-07-15', 83, 1),
(84, '1978-02-26', 84, 1),
(85, '1994-09-30', 85, 1),
(86, '2003-01-04', 86, 1),
(87, '2001-07-03', 87, 1),
(88, '1989-08-30', 88, 1),
(89, '2019-12-07', 89, 1),
(90, '2002-04-22', 90, 1),
(91, '1992-05-31', 91, 1),
(92, '2014-12-27', 92, 1),
(93, '2010-02-14', 93, 1),
(94, '1975-10-13', 94, 1),
(95, '1998-08-21', 95, 1),
(96, '2016-04-30', 96, 1),
(97, '1977-02-10', 97, 1),
(98, '1997-06-14', 98, 1),
(99, '1975-07-15', 99, 1),
(100, '2003-03-05', 100, 1),
(101, '1980-08-12', 101, 1),
(102, '2000-10-01', 102, 1),
(103, '2014-03-20', 103, 1),
(104, '1977-04-03', 104, 1),
(105, '1993-07-03', 105, 1),
(106, '2006-07-04', 106, 1),
(107, '2000-02-01', 107, 1),
(108, '1993-08-19', 108, 1),
(109, '1985-05-12', 109, 1),
(110, '1973-08-28', 110, 1),
(111, '1994-05-21', 111, 1),
(112, '2024-10-06', 112, 1),
(113, '2021-03-21', 113, 1),
(114, '2007-01-25', 114, 1),
(115, '1997-09-18', 115, 1),
(116, '1999-10-28', 116, 1),
(117, '1999-12-07', 117, 1),
(118, '2006-12-13', 118, 1),
(119, '2005-04-17', 119, 1),
(120, '2019-09-18', 120, 1),
(121, '1988-10-13', 121, 1),
(122, '1983-03-05', 122, 1),
(123, '2023-10-23', 123, 1),
(124, '2005-10-20', 124, 1),
(125, '2006-12-03', 125, 1),
(126, '1974-10-16', 126, 1),
(127, '2000-08-11', 127, 1),
(128, '2023-12-18', 128, 1),
(129, '2015-08-08', 129, 1),
(130, '1975-11-06', 130, 1),
(131, '2009-11-09', 131, 1),
(132, '2023-11-08', 132, 1),
(133, '1983-01-24', 133, 1),
(134, '2018-08-28', 134, 1),
(135, '2023-11-01', 135, 1),
(136, '2010-03-06', 136, 1),
(137, '2019-01-28', 137, 1),
(138, '2005-07-24', 138, 1),
(139, '2000-06-12', 139, 1),
(140, '1991-07-02', 140, 1),
(141, '2014-02-28', 141, 1),
(142, '1995-10-20', 142, 1),
(143, '2000-08-08', 143, 1),
(144, '1996-09-10', 144, 1),
(145, '1997-09-28', 145, 1),
(146, '2001-04-05', 146, 1),
(147, '2015-07-11', 147, 1),
(148, '2015-06-23', 148, 1),
(149, '1978-05-25', 149, 1),
(150, '2000-03-23', 150, 1),
(151, '2005-12-25', 151, 1),
(152, '2000-05-27', 152, 1),
(153, '1997-04-03', 153, 1),
(154, '1975-08-03', 154, 1),
(155, '2021-09-26', 155, 1),
(156, '1979-08-18', 156, 1),
(157, '1981-07-03', 157, 1),
(158, '2005-04-24', 158, 1),
(159, '2005-12-15', 159, 1),
(160, '1981-08-26', 160, 1),
(161, '1971-05-30', 161, 1),
(162, '2008-09-14', 162, 1),
(163, '2009-08-22', 163, 1),
(164, '2008-02-01', 164, 1),
(165, '1988-10-26', 165, 1),
(166, '1991-10-20', 166, 1),
(167, '2009-08-09', 167, 1),
(168, '1974-01-18', 168, 1),
(169, '1985-09-07', 169, 1),
(170, '2011-07-17', 170, 1),
(171, '1980-07-10', 171, 1),
(172, '1974-12-08', 172, 1),
(173, '1971-10-03', 173, 1),
(174, '2017-01-22', 174, 1),
(175, '1994-05-18', 175, 1),
(176, '2023-03-30', 176, 1),
(177, '1995-04-02', 177, 1),
(178, '2007-04-27', 178, 1),
(179, '2001-04-17', 179, 1),
(180, '2009-07-26', 180, 1),
(181, '2009-11-20', 181, 1),
(182, '1979-10-27', 182, 1),
(183, '1992-05-02', 183, 1),
(184, '2013-09-20', 184, 1),
(185, '2019-03-08', 185, 1),
(186, '2003-10-05', 186, 1),
(187, '2015-03-14', 187, 1),
(188, '2003-10-19', 188, 1),
(189, '2000-08-07', 189, 1),
(190, '1994-05-02', 190, 1),
(191, '1987-11-11', 191, 1),
(192, '1987-03-13', 192, 1),
(193, '1989-10-11', 193, 1),
(194, '2002-07-23', 194, 1),
(195, '1987-03-23', 195, 1),
(196, '1972-05-13', 196, 1),
(197, '2007-07-12', 197, 1),
(198, '2006-04-22', 198, 1),
(199, '1978-11-30', 199, 1),
(200, '2001-11-10', 200, 1),
(201, '2021-08-14', 201, 1),
(202, '1982-03-17', 202, 1),
(203, '2018-09-01', 203, 1),
(204, '1979-11-19', 204, 1),
(205, '1985-09-13', 205, 1),
(206, '2024-09-14', 206, 1),
(207, '2023-12-21', 207, 1),
(208, '1996-03-12', 208, 1),
(209, '2017-01-02', 209, 1),
(210, '1980-09-12', 210, 1),
(211, '2023-02-10', 211, 1),
(212, '1994-08-24', 212, 1),
(213, '2022-05-10', 213, 1),
(214, '2018-04-12', 214, 1),
(215, '1972-06-25', 215, 1),
(216, '1971-01-14', 216, 1),
(217, '1988-06-08', 217, 1),
(218, '1976-10-21', 218, 1),
(219, '1973-10-23', 219, 1),
(220, '1975-08-16', 220, 1),
(221, '2020-10-19', 221, 1),
(222, '2005-04-01', 222, 1),
(223, '2024-09-23', 223, 1),
(224, '2010-08-04', 224, 1),
(225, '2015-02-14', 225, 1),
(226, '2007-04-05', 226, 1),
(227, '2014-11-16', 227, 1),
(228, '1974-01-21', 228, 1),
(229, '2014-11-05', 229, 1),
(230, '1988-03-20', 230, 1),
(231, '1982-05-16', 231, 1),
(232, '2015-12-25', 232, 1),
(233, '1991-05-02', 233, 1),
(234, '2003-04-23', 234, 1),
(235, '2017-10-18', 235, 1),
(236, '2002-03-04', 236, 1),
(237, '2000-04-12', 237, 1),
(238, '2007-11-17', 238, 1),
(239, '1993-10-24', 239, 1),
(240, '2000-05-01', 240, 1),
(241, '1971-10-31', 241, 1),
(242, '1986-05-06', 242, 1),
(243, '1995-10-05', 243, 1),
(244, '1983-01-29', 244, 1),
(245, '1991-04-23', 245, 1),
(246, '1970-10-23', 246, 1),
(247, '1973-01-02', 247, 1),
(248, '1992-11-29', 248, 1),
(249, '2017-04-15', 249, 1),
(250, '2021-07-29', 250, 1),
(251, '1991-10-30', 251, 1),
(252, '2000-04-07', 252, 1),
(253, '2024-03-25', 253, 1),
(254, '1973-10-06', 254, 1),
(255, '1988-09-26', 255, 1),
(256, '1998-07-31', 256, 1);

COMMIT;

